"subject_id","X1__1","X2__1","X1__2","X2__2","X1__3","X2__3","X1__4","X2__4","X1__5","X2__5","X1__6","X2__6","X1__7","X2__7","X1__8","X2__8","X1__9","X2__9","X1__10","X2__10","X1__11","X2__11","X1__12","X2__12","X1__13","X2__13","X1__14","X2__14","X1__15","X2__15","X1__16","X2__16","X1__17","X2__17","X1__18","X2__18","X1__19","X2__19","X1__20","X2__20","X1__21","X2__21","X1__22","X2__22","X1__23","X2__23","X1__24","X2__24","X1__25","X2__25","X1__26","X2__26","X1__27","X2__27","X1__28","X2__28","X1__29","X2__29","X1__30","X2__30","X1__31","X2__31","X1__32","X2__32","X1__33","X2__33","X1__34","X2__34","X1__35","X2__35","X1__36","X2__36","X1__37","X2__37","X1__38","X2__38","X1__39","X2__39"
"1","3.0","1.0","3.0","0.0","3.0","1.0","3.0","3.0","3.0","2.0","3.0","3.0","2.0","3.0","2.0","3.0","2.0","3.0","2.0","3.0","2.0","3.0","2.0","1.0","1.0","1.0","1.0","1.0","1.0","1.0","1.0","1.0","0.0","1.0","1.0","1.0","0.0","1.0","0.0","1.0","0.0","1.0","0.0","1.0","0.0","0.0","0.0","0.0","0.0","0.0","0.0","0.0","0.0","0.0","0.0","0.0","0.0","0.0","0.0","0.0","0.0","0.0","0.0","0.0","1.0","0.0","1.0","1.0","2.0","1.0","2.0","1.0","2.0","1.0","2.0","1.0","2.0","1.0"
"2","3.0","1.0","3.0","0.0","3.0","0.0","3.0","2.0","3.0","2.0","2.0","3.0","2.0","3.0","1.0","3.0","1.0","3.0","1.0","3.0","1.0","3.0","2.0","3.0","2.0","1.0","1.0","2.0","1.0","2.0","1.0","1.0","1.0","2.0","1.0","2.0","1.0","1.0","1.0","1.0","1.0","1.0","0.0","1.0","0.0","1.0","0.0","1.0","0.0","1.0","0.0","0.0","0.0","0.0","0.0","0.0","0.0","0.0","0.0","0.0","0.0","0.0","1.0","0.0","1.0","0.0","2.0","0.0","2.0","0.0","2.0","1.0","3.0","1.0","2.0","1.0","2.0","1.0"
"3","3.0","2.0","3.0","2.0","3.0","1.0","3.0","0.0","3.0","1.0","3.0","3.0","3.0","2.0","2.0","3.0","2.0","3.0","2.0","3.0","2.0","3.0","2.0","3.0","2.0","3.0","2.0","2.0","1.0","1.0","1.0","1.0","1.0","1.0","1.0","1.0","0.0","1.0","0.0","1.0","1.0","1.0","0.0","1.0","0.0","1.0","0.0","1.0","0.0","1.0","0.0","0.0","0.0","0.0","0.0","0.0","0.0","0.0","0.0","0.0","1.0","0.0","1.0","0.0","2.0","0.0","2.0","0.0","3.0","1.0","3.0","1.0","3.0","1.0","3.0","1.0","3.0","1.0"
"4","3.0","2.0","3.0","1.0","3.0","0.0","3.0","0.0","3.0","2.0","3.0","2.0","3.0","3.0","3.0","3.0","3.0","3.0","3.0","3.0","2.0","3.0","3.0","3.0","3.0","3.0","2.0","1.0","2.0","1.0","2.0","1.0","2.0","1.0","2.0","1.0","1.0","1.0","1.0","1.0","1.0","1.0","0.0","1.0","0.0","1.0","0.0","0.0","0.0","0.0","0.0","0.0","0.0","0.0","0.0","0.0","0.0","0.0","0.0","0.0","1.0","0.0","1.0","0.0","2.0","0.0","2.0","0.0","3.0","0.0","2.0","1.0","3.0","1.0","3.0","1.0","3.0","1.0"
"5","3.0","2.0","3.0","2.0","3.0","1.0","3.0","0.0","3.0","2.0","3.0","2.0","3.0","3.0","3.0","3.0","3.0","3.0","3.0","3.0","2.0","3.0","2.0","3.0","2.0","3.0","2.0","2.0","1.0","1.0","1.0","1.0","1.0","1.0","1.0","1.0","1.0","1.0","1.0","1.0","1.0","1.0","0.0","1.0","0.0","1.0","0.0","1.0","0.0","1.0","0.0","0.0","0.0","0.0","0.0","0.0","0.0","0.0","0.0","0.0","1.0","0.0","1.0","0.0","1.0","0.0","2.0","0.0","2.0","1.0","3.0","1.0","3.0","1.0","3.0","1.0","3.0","1.0"
"6","3.0","2.0","3.0","1.0","3.0","0.0","3.0","0.0","3.0","2.0","3.0","2.0","3.0","3.0","1.0","3.0","2.0","3.0","2.0","3.0","1.0","3.0","2.0","3.0","2.0","2.0","1.0","1.0","1.0","1.0","1.0","1.0","0.0","1.0","0.0","1.0","0.0","1.0","0.0","1.0","0.0","1.0","0.0","1.0","0.0","1.0","0.0","0.0","0.0","0.0","0.0","0.0","0.0","0.0","0.0","0.0","0.0","0.0","0.0","0.0","1.0","0.0","1.0","0.0","1.0","0.0","2.0","0.0","2.0","0.0","3.0","0.0","2.0","1.0","3.0","1.0","3.0","1.0"
"7","3.0","2.0","3.0","2.0","3.0","1.0","3.0","0.0","3.0","2.0","3.0","3.0","3.0","3.0","2.0","3.0","2.0","3.0","2.0","3.0","1.0","3.0","2.0","3.0","2.0","3.0","1.0","2.0","1.0","1.0","1.0","1.0","0.0","1.0","0.0","1.0","0.0","1.0","0.0","1.0","0.0","1.0","0.0","1.0","0.0","1.0","0.0","1.0","0.0","1.0","0.0","1.0","0.0","1.0","0.0","1.0","0.0","0.0","0.0","0.0","0.0","0.0","1.0","0.0","1.0","0.0","2.0","1.0","2.0","1.0","2.0","1.0","3.0","1.0","3.0","1.0","3.0","1.0"
"8","3.0","2.0","3.0","1.0","3.0","0.0","3.0","2.0","3.0","3.0","3.0","2.0","3.0","3.0","2.0","3.0","2.0","3.0","2.0","3.0","2.0","3.0","2.0","3.0","2.0","2.0","1.0","1.0","1.0","1.0","1.0","1.0","1.0","1.0","1.0","1.0","0.0","1.0","0.0","1.0","0.0","1.0","0.0","1.0","0.0","1.0","0.0","1.0","0.0","0.0","0.0","0.0","0.0","0.0","0.0","0.0","0.0","0.0","0.0","0.0","0.0","0.0","1.0","0.0","1.0","0.0","2.0","0.0","2.0","0.0","3.0","1.0","3.0","1.0","3.0","1.0","3.0","1.0"
"9","3.0","2.0","3.0","1.0","3.0","0.0","3.0","2.0","3.0","3.0","3.0","3.0","2.0","3.0","2.0","3.0","2.0","3.0","1.0","3.0","1.0","3.0","1.0","3.0","1.0","2.0","1.0","2.0","1.0","1.0","0.0","2.0","0.0","2.0","0.0","1.0","0.0","1.0","0.0","1.0","0.0","1.0","0.0","1.0","0.0","1.0","0.0","1.0","0.0","1.0","0.0","1.0","0.0","1.0","0.0","0.0","0.0","0.0","0.0","0.0","0.0","0.0","1.0","0.0","2.0","1.0","2.0","1.0","2.0","1.0","3.0","1.0","3.0","1.0","3.0","1.0","3.0","2.0"
"10","3.0","2.0","3.0","1.0","3.0","0.0","3.0","2.0","3.0","3.0","3.0","2.0","3.0","3.0","2.0","3.0","2.0","3.0","2.0","3.0","2.0","3.0","2.0","3.0","2.0","2.0","2.0","1.0","2.0","2.0","1.0","1.0","2.0","1.0","1.0","1.0","1.0","1.0","1.0","1.0","1.0","1.0","0.0","1.0","0.0","1.0","0.0","1.0","0.0","0.0","0.0","0.0","0.0","0.0","0.0","0.0","0.0","0.0","0.0","0.0","1.0","0.0","1.0","0.0","2.0","0.0","2.0","0.0","3.0","1.0","3.0","1.0","3.0","1.0","3.0","1.0","3.0","1.0"
"11","3.0","2.0","3.0","1.0","3.0","0.0","3.0","0.0","3.0","2.0","3.0","2.0","3.0","3.0","2.0","3.0","2.0","3.0","1.0","3.0","2.0","3.0","2.0","3.0","2.0","2.0","1.0","1.0","1.0","1.0","0.0","1.0","0.0","1.0","0.0","1.0","0.0","1.0","0.0","1.0","0.0","1.0","0.0","1.0","0.0","1.0","0.0","1.0","0.0","1.0","0.0","1.0","0.0","1.0","0.0","0.0","0.0","0.0","0.0","0.0","0.0","0.0","0.0","0.0","0.0","0.0","1.0","0.0","1.0","1.0","2.0","1.0","2.0","1.0","3.0","1.0","3.0","1.0"
"12","3.0","2.0","3.0","2.0","3.0","0.0","3.0","0.0","3.0","1.0","3.0","2.0","3.0","2.0","2.0","3.0","1.0","3.0","2.0","3.0","1.0","3.0","1.0","3.0","1.0","3.0","1.0","1.0","1.0","1.0","1.0","1.0","0.0","1.0","0.0","1.0","0.0","1.0","0.0","1.0","0.0","1.0","0.0","1.0","0.0","1.0","0.0","1.0","0.0","1.0","0.0","0.0","0.0","0.0","0.0","0.0","0.0","0.0","0.0","0.0","0.0","0.0","0.0","0.0","0.0","0.0","1.0","0.0","1.0","0.0","2.0","0.0","2.0","0.0","2.0","0.0","2.0","1.0"
"13","3.0","2.0","3.0","1.0","3.0","1.0","3.0","0.0","3.0","2.0","3.0","2.0","3.0","2.0","2.0","3.0","2.0","3.0","2.0","3.0","1.0","3.0","2.0","3.0","1.0","3.0","2.0","2.0","1.0","1.0","1.0","1.0","0.0","1.0","0.0","1.0","0.0","1.0","0.0","1.0","0.0","1.0","0.0","1.0","0.0","1.0","0.0","1.0","0.0","1.0","0.0","1.0","0.0","0.0","0.0","0.0","0.0","0.0","0.0","0.0","0.0","0.0","0.0","0.0","0.0","0.0","1.0","0.0","1.0","0.0","2.0","1.0","2.0","1.0","2.0","1.0","3.0","1.0"
"14","2.0","2.0","3.0","1.0","3.0","0.0","3.0","1.0","3.0","3.0","3.0","2.0","1.0","3.0","1.0","3.0","1.0","3.0","1.0","3.0","1.0","3.0","1.0","3.0","1.0","2.0","0.0","2.0","0.0","1.0","0.0","1.0","0.0","1.0","0.0","1.0","0.0","1.0","0.0","1.0","0.0","1.0","0.0","1.0","0.0","1.0","0.0","1.0","0.0","1.0","0.0","1.0","0.0","1.0","0.0","1.0","0.0","0.0","0.0","0.0","0.0","0.0","0.0","0.0","1.0","0.0","0.0","0.0","1.0","1.0","2.0","1.0","2.0","1.0","3.0","1.0","2.0","1.0"
"15","3.0","3.0","2.0","3.0","2.0","3.0","2.0","3.0","2.0","3.0","2.0","2.0","1.0","1.0","1.0","1.0","1.0","1.0","1.0","1.0","1.0","1.0","0.0","1.0","0.0","1.0","0.0","1.0","0.0","1.0","0.0","1.0","0.0","1.0","0.0","0.0","0.0","0.0","0.0","0.0","0.0","0.0","0.0","0.0","1.0","0.0","1.0","0.0","1.0","0.0","2.0","0.0","2.0","0.0","2.0","1.0","2.0","1.0","3.0","1.0","3.0","1.0","3.0","1.0","2.0","1.0","3.0","1.0","3.0","1.0","3.0","1.0","3.0","2.0","3.0","2.0","3.0","2.0"
"16","3.0","2.0","3.0","2.0","3.0","1.0","3.0","0.0","3.0","2.0","3.0","2.0","3.0","3.0","2.0","3.0","2.0","3.0","2.0","3.0","2.0","3.0","2.0","3.0","2.0","3.0","1.0","2.0","0.0","2.0","0.0","1.0","0.0","1.0","0.0","1.0","0.0","1.0","0.0","1.0","0.0","1.0","0.0","1.0","0.0","1.0","0.0","1.0","0.0","1.0","0.0","1.0","0.0","1.0","0.0","0.0","0.0","0.0","0.0","0.0","0.0","0.0","0.0","0.0","0.0","0.0","1.0","0.0","1.0","1.0","2.0","1.0","2.0","1.0","3.0","1.0","3.0","1.0"
"17","3.0","3.0","3.0","3.0","3.0","3.0","3.0","3.0","3.0","3.0","2.0","2.0","2.0","1.0","1.0","1.0","1.0","1.0","1.0","1.0","1.0","1.0","1.0","1.0","1.0","1.0","0.0","1.0","0.0","1.0","0.0","1.0","0.0","1.0","0.0","1.0","0.0","1.0","0.0","1.0","0.0","1.0","0.0","1.0","0.0","1.0","0.0","1.0","0.0","1.0","0.0","1.0","0.0","0.0","1.0","1.0","1.0","1.0","2.0","1.0","2.0","1.0","3.0","1.0","3.0","1.0","3.0","1.0","3.0","1.0","3.0","1.0","3.0","2.0","3.0","2.0","3.0","2.0"
"18","2.0","2.0","3.0","2.0","3.0","0.0","3.0","0.0","3.0","1.0","3.0","2.0","3.0","3.0","2.0","3.0","2.0","3.0","2.0","3.0","2.0","3.0","2.0","3.0","1.0","3.0","1.0","2.0","1.0","2.0","1.0","2.0","1.0","1.0","0.0","1.0","0.0","1.0","0.0","1.0","0.0","1.0","0.0","1.0","0.0","1.0","0.0","1.0","0.0","1.0","0.0","1.0","0.0","1.0","0.0","1.0","0.0","1.0","0.0","1.0","0.0","1.0","0.0","0.0","0.0","0.0","0.0","0.0","1.0","0.0","1.0","0.0","1.0","0.0","2.0","0.0","2.0","1.0"
"19","3.0","2.0","3.0","2.0","3.0","1.0","3.0","0.0","3.0","2.0","3.0","3.0","3.0","3.0","3.0","3.0","3.0","3.0","3.0","3.0","3.0","3.0","3.0","3.0","3.0","3.0","2.0","2.0","2.0","2.0","2.0","1.0","1.0","1.0","1.0","1.0","1.0","1.0","1.0","1.0","1.0","1.0","1.0","1.0","1.0","1.0","1.0","1.0","0.0","1.0","0.0","1.0","0.0","1.0","0.0","1.0","0.0","1.0","0.0","1.0","0.0","1.0","0.0","0.0","0.0","0.0","0.0","0.0","0.0","0.0","1.0","0.0","1.0","0.0","1.0","0.0","2.0","0.0"
"20","3.0","3.0","3.0","3.0","3.0","3.0","3.0","3.0","3.0","3.0","2.0","2.0","2.0","1.0","2.0","1.0","1.0","2.0","1.0","1.0","1.0","1.0","1.0","1.0","1.0","1.0","1.0","1.0","1.0","1.0","1.0","1.0","1.0","1.0","1.0","1.0","1.0","1.0","1.0","1.0","0.0","1.0","0.0","1.0","0.0","1.0","0.0","1.0","0.0","1.0","1.0","1.0","1.0","1.0","1.0","1.0","1.0","1.0","2.0","1.0","2.0","1.0","2.0","1.0","3.0","1.0","3.0","1.0","3.0","1.0","3.0","1.0","3.0","1.0","3.0","2.0","3.0","2.0"
"21","3.0","3.0","3.0","3.0","3.0","3.0","3.0","3.0","3.0","3.0","3.0","2.0","3.0","2.0","2.0","1.0","2.0","1.0","2.0","1.0","2.0","1.0","2.0","1.0","2.0","1.0","1.0","1.0","1.0","1.0","1.0","1.0","1.0","1.0","1.0","1.0","1.0","1.0","1.0","1.0","1.0","1.0","1.0","1.0","1.0","1.0","1.0","1.0","1.0","1.0","1.0","1.0","1.0","1.0","1.0","1.0","2.0","1.0","2.0","1.0","2.0","1.0","3.0","1.0","3.0","1.0","3.0","1.0","3.0","1.0","3.0","1.0","3.0","2.0","3.0","2.0","3.0","2.0"
"22","3.0","1.0","3.0","0.0","3.0","0.0","3.0","2.0","3.0","2.0","2.0","3.0","3.0","3.0","3.0","3.0","3.0","3.0","3.0","3.0","3.0","3.0","2.0","2.0","1.0","2.0","1.0","2.0","1.0","1.0","1.0","1.0","1.0","1.0","1.0","1.0","0.0","1.0","0.0","1.0","0.0","1.0","0.0","1.0","0.0","1.0","0.0","1.0","0.0","1.0","0.0","1.0","0.0","1.0","0.0","1.0","0.0","1.0","0.0","1.0","0.0","1.0","0.0","1.0","0.0","1.0","0.0","1.0","1.0","1.0","1.0","1.0","2.0","1.0","2.0","0.0","2.0","0.0"
"23","3.0","3.0","3.0","3.0","3.0","3.0","3.0","3.0","2.0","2.0","1.0","2.0","1.0","1.0","1.0","1.0","1.0","1.0","1.0","1.0","0.0","1.0","0.0","1.0","0.0","1.0","0.0","1.0","0.0","1.0","0.0","1.0","0.0","1.0","0.0","1.0","0.0","1.0","0.0","1.0","0.0","1.0","0.0","1.0","0.0","1.0","0.0","1.0","0.0","1.0","0.0","1.0","0.0","0.0","0.0","0.0","1.0","0.0","1.0","0.0","1.0","0.0","2.0","1.0","2.0","1.0","2.0","1.0","2.0","1.0","2.0","1.0","3.0","1.0","3.0","1.0","2.0","1.0"
"24","3.0","3.0","3.0","3.0","3.0","3.0","3.0","3.0","2.0","2.0","1.0","1.0","1.0","1.0","0.0","1.0","0.0","1.0","0.0","1.0","0.0","1.0","0.0","1.0","0.0","1.0","0.0","1.0","0.0","1.0","0.0","1.0","0.0","1.0","0.0","1.0","0.0","1.0","0.0","1.0","0.0","1.0","0.0","1.0","0.0","1.0","0.0","1.0","0.0","1.0","0.0","1.0","0.0","1.0","1.0","1.0","1.0","1.0","2.0","1.0","2.0","1.0","2.0","1.0","2.0","1.0","2.0","1.0","2.0","1.0","2.0","1.0","2.0","1.0","2.0","1.0","2.0","1.0"
"25","3.0","3.0","3.0","3.0","3.0","3.0","3.0","3.0","3.0","3.0","3.0","2.0","2.0","1.0","2.0","1.0","2.0","2.0","1.0","1.0","2.0","1.0","2.0","2.0","1.0","1.0","1.0","1.0","1.0","1.0","2.0","1.0","2.0","1.0","1.0","1.0","1.0","1.0","1.0","2.0","2.0","1.0","2.0","1.0","1.0","1.0","1.0","0.0","1.0","0.0","1.0","0.0","0.0","0.0","0.0","0.0","0.0","0.0","1.0","0.0","1.0","0.0","1.0","0.0","2.0","0.0","2.0","0.0","2.0","0.0","3.0","0.0","3.0","1.0","3.0","1.0","3.0","1.0"
"26","3.0","3.0","3.0","3.0","3.0","3.0","3.0","3.0","3.0","3.0","3.0","2.0","3.0","1.0","2.0","1.0","1.0","1.0","1.0","1.0","1.0","1.0","1.0","1.0","1.0","1.0","1.0","1.0","1.0","1.0","1.0","1.0","1.0","1.0","1.0","1.0","1.0","1.0","0.0","1.0","0.0","1.0","0.0","1.0","0.0","1.0","0.0","1.0","0.0","1.0","0.0","0.0","1.0","0.0","1.0","0.0","1.0","0.0","1.0","0.0","2.0","0.0","2.0","1.0","2.0","1.0","3.0","1.0","3.0","1.0","3.0","1.0","3.0","1.0","3.0","1.0","3.0","1.0"
"27","3.0","3.0","3.0","3.0","2.0","3.0","2.0","3.0","2.0","3.0","2.0","2.0","1.0","2.0","1.0","1.0","1.0","1.0","1.0","1.0","1.0","1.0","0.0","1.0","0.0","1.0","1.0","1.0","0.0","1.0","0.0","1.0","0.0","1.0","0.0","1.0","1.0","1.0","0.0","1.0","0.0","0.0","0.0","1.0","0.0","0.0","0.0","0.0","1.0","0.0","0.0","0.0","1.0","0.0","1.0","0.0","2.0","0.0","2.0","1.0","2.0","1.0","2.0","1.0","3.0","1.0","3.0","1.0","3.0","1.0","3.0","1.0","3.0","1.0","3.0","2.0","3.0","2.0"
"28","3.0","3.0","3.0","3.0","3.0","3.0","3.0","3.0","3.0","3.0","2.0","2.0","2.0","2.0","2.0","1.0","1.0","1.0","1.0","1.0","1.0","1.0","1.0","1.0","1.0","1.0","1.0","1.0","1.0","1.0","0.0","1.0","1.0","1.0","0.0","1.0","0.0","1.0","1.0","1.0","0.0","1.0","0.0","1.0","0.0","1.0","0.0","0.0","0.0","0.0","1.0","1.0","1.0","0.0","1.0","0.0","1.0","1.0","2.0","1.0","2.0","1.0","2.0","1.0","3.0","1.0","3.0","1.0","3.0","1.0","3.0","1.0","3.0","1.0","3.0","1.0","2.0","1.0"
"29","3.0","0.0","3.0","0.0","3.0","0.0","3.0","2.0","3.0","2.0","3.0","3.0","3.0","3.0","3.0","3.0","3.0","3.0","3.0","3.0","3.0","3.0","3.0","2.0","3.0","1.0","3.0","1.0","3.0","1.0","2.0","1.0","2.0","1.0","2.0","1.0","2.0","1.0","2.0","1.0","2.0","1.0","2.0","1.0","2.0","1.0","2.0","1.0","2.0","1.0","2.0","1.0","2.0","1.0","1.0","1.0","1.0","1.0","1.0","1.0","1.0","1.0","1.0","1.0","1.0","1.0","1.0","1.0","1.0","1.0","2.0","1.0","2.0","1.0","3.0","1.0","3.0","1.0"
"30","3.0","3.0","3.0","3.0","3.0","3.0","3.0","3.0","3.0","3.0","3.0","2.0","3.0","2.0","2.0","1.0","2.0","1.0","2.0","1.0","1.0","1.0","1.0","1.0","1.0","1.0","1.0","1.0","1.0","1.0","1.0","1.0","1.0","1.0","1.0","1.0","1.0","1.0","1.0","1.0","1.0","1.0","1.0","1.0","1.0","1.0","1.0","0.0","1.0","0.0","1.0","0.0","1.0","0.0","1.0","0.0","1.0","0.0","2.0","0.0","2.0","1.0","2.0","1.0","3.0","1.0","3.0","1.0","3.0","1.0","3.0","1.0","3.0","1.0","3.0","1.0","3.0","1.0"
"31","3.0","0.0","3.0","0.0","3.0","0.0","3.0","2.0","3.0","2.0","3.0","3.0","3.0","3.0","3.0","3.0","3.0","3.0","3.0","3.0","3.0","3.0","2.0","2.0","2.0","2.0","2.0","2.0","2.0","2.0","2.0","2.0","2.0","2.0","2.0","1.0","2.0","1.0","1.0","1.0","1.0","1.0","0.0","1.0","0.0","1.0","0.0","1.0","0.0","1.0","0.0","1.0","0.0","1.0","0.0","1.0","0.0","1.0","0.0","0.0","0.0","0.0","0.0","0.0","0.0","0.0","0.0","0.0","0.0","0.0","0.0","0.0","1.0","0.0","1.0","0.0","1.0","1.0"
"32","3.0","0.0","3.0","0.0","3.0","1.0","3.0","2.0","3.0","2.0","3.0","3.0","3.0","3.0","3.0","3.0","3.0","3.0","3.0","3.0","3.0","3.0","3.0","2.0","2.0","1.0","2.0","1.0","1.0","1.0","2.0","1.0","2.0","1.0","1.0","1.0","1.0","1.0","1.0","1.0","1.0","1.0","1.0","1.0","1.0","1.0","1.0","1.0","1.0","1.0","1.0","1.0","1.0","1.0","1.0","1.0","1.0","1.0","1.0","1.0","1.0","1.0","1.0","1.0","1.0","1.0","1.0","0.0","1.0","0.0","2.0","0.0","2.0","0.0","2.0","0.0","3.0","0.0"
"33","3.0","1.0","3.0","0.0","3.0","0.0","3.0","0.0","3.0","2.0","3.0","2.0","2.0","3.0","3.0","3.0","3.0","3.0","2.0","3.0","2.0","3.0","3.0","3.0","2.0","2.0","1.0","1.0","1.0","1.0","1.0","1.0","1.0","1.0","1.0","1.0","1.0","1.0","1.0","1.0","1.0","1.0","1.0","1.0","1.0","1.0","1.0","1.0","0.0","1.0","0.0","1.0","0.0","1.0","0.0","1.0","0.0","1.0","0.0","1.0","0.0","0.0","1.0","0.0","1.0","1.0","1.0","0.0","1.0","0.0","2.0","1.0","2.0","1.0","2.0","1.0","2.0","1.0"
"34","2.0","1.0","3.0","0.0","3.0","0.0","3.0","0.0","3.0","2.0","3.0","2.0","2.0","3.0","2.0","3.0","2.0","3.0","2.0","3.0","2.0","3.0","3.0","3.0","1.0","2.0","1.0","2.0","1.0","1.0","1.0","1.0","1.0","1.0","1.0","1.0","1.0","1.0","1.0","1.0","1.0","1.0","1.0","1.0","1.0","1.0","0.0","1.0","0.0","1.0","0.0","1.0","0.0","1.0","0.0","1.0","0.0","1.0","0.0","1.0","0.0","1.0","0.0","1.0","1.0","1.0","1.0","0.0","1.0","1.0","1.0","1.0","2.0","1.0","2.0","1.0","2.0","1.0"
"35","3.0","1.0","3.0","0.0","3.0","0.0","3.0","1.0","3.0","2.0","2.0","3.0","1.0","3.0","2.0","3.0","2.0","3.0","2.0","3.0","2.0","3.0","2.0","3.0","2.0","1.0","2.0","1.0","1.0","1.0","1.0","1.0","1.0","1.0","1.0","1.0","1.0","1.0","1.0","1.0","1.0","1.0","1.0","1.0","0.0","1.0","0.0","1.0","0.0","1.0","0.0","0.0","0.0","0.0","0.0","0.0","0.0","0.0","0.0","0.0","1.0","0.0","1.0","0.0","1.0","0.0","2.0","0.0","2.0","0.0","2.0","1.0","2.0","1.0","3.0","1.0","3.0","1.0"
"36","2.0","2.0","3.0","2.0","3.0","0.0","3.0","0.0","3.0","1.0","3.0","2.0","1.0","3.0","1.0","3.0","1.0","3.0","1.0","3.0","1.0","3.0","1.0","3.0","0.0","3.0","0.0","1.0","0.0","1.0","0.0","1.0","0.0","1.0","0.0","1.0","0.0","1.0","0.0","1.0","0.0","1.0","0.0","1.0","0.0","1.0","0.0","1.0","0.0","1.0","0.0","1.0","0.0","1.0","0.0","1.0","0.0","1.0","0.0","1.0","0.0","1.0","0.0","0.0","0.0","0.0","0.0","0.0","1.0","0.0","1.0","1.0","1.0","1.0","1.0","1.0","2.0","1.0"
"37","3.0","2.0","3.0","2.0","3.0","0.0","3.0","0.0","3.0","2.0","3.0","2.0","2.0","3.0","2.0","3.0","2.0","3.0","2.0","3.0","2.0","3.0","3.0","3.0","2.0","3.0","1.0","2.0","1.0","1.0","1.0","1.0","1.0","1.0","1.0","1.0","1.0","1.0","1.0","1.0","1.0","1.0","1.0","1.0","1.0","1.0","0.0","1.0","0.0","1.0","0.0","0.0","0.0","0.0","0.0","0.0","0.0","0.0","0.0","0.0","0.0","0.0","0.0","0.0","0.0","0.0","1.0","0.0","1.0","1.0","2.0","1.0","2.0","1.0","3.0","1.0","3.0","1.0"
"38","3.0","2.0","3.0","2.0","3.0","1.0","3.0","0.0","3.0","2.0","3.0","2.0","3.0","3.0","2.0","3.0","2.0","3.0","2.0","3.0","2.0","3.0","2.0","3.0","2.0","3.0","1.0","2.0","1.0","1.0","1.0","1.0","1.0","1.0","1.0","1.0","1.0","1.0","1.0","1.0","1.0","1.0","1.0","1.0","1.0","1.0","0.0","1.0","1.0","0.0","0.0","0.0","0.0","1.0","0.0","0.0","0.0","0.0","1.0","0.0","1.0","0.0","1.0","0.0","1.0","0.0","1.0","0.0","2.0","0.0","2.0","0.0","2.0","1.0","2.0","1.0","3.0","1.0"
"39","3.0","2.0","3.0","1.0","3.0","0.0","3.0","2.0","3.0","2.0","3.0","2.0","3.0","3.0","2.0","3.0","3.0","3.0","2.0","3.0","2.0","3.0","2.0","3.0","2.0","2.0","1.0","1.0","1.0","1.0","1.0","1.0","1.0","1.0","1.0","1.0","0.0","1.0","0.0","1.0","0.0","1.0","0.0","1.0","0.0","1.0","0.0","0.0","0.0","0.0","0.0","0.0","0.0","0.0","0.0","0.0","0.0","0.0","0.0","0.0","0.0","0.0","1.0","0.0","1.0","0.0","2.0","1.0","3.0","1.0","2.0","1.0","3.0","1.0","3.0","1.0","3.0","1.0"
"40","2.0","3.0","1.0","3.0","1.0","3.0","1.0","3.0","2.0","3.0","2.0","2.0","1.0","1.0","1.0","1.0","1.0","1.0","1.0","1.0","0.0","1.0","1.0","1.0","0.0","1.0","0.0","1.0","0.0","1.0","0.0","1.0","0.0","1.0","0.0","1.0","0.0","1.0","0.0","0.0","0.0","0.0","0.0","0.0","0.0","0.0","0.0","0.0","0.0","0.0","1.0","0.0","1.0","0.0","2.0","1.0","2.0","1.0","2.0","1.0","3.0","1.0","3.0","1.0","3.0","1.0","3.0","2.0","3.0","2.0","3.0","2.0","3.0","2.0","3.0","2.0","3.0","2.0"
"41","3.0","2.0","3.0","0.0","3.0","0.0","3.0","2.0","3.0","2.0","2.0","3.0","2.0","3.0","2.0","3.0","2.0","3.0","2.0","3.0","2.0","3.0","2.0","2.0","1.0","1.0","1.0","1.0","1.0","1.0","0.0","1.0","0.0","1.0","0.0","1.0","0.0","1.0","0.0","1.0","0.0","1.0","0.0","1.0","0.0","1.0","0.0","1.0","0.0","0.0","0.0","0.0","0.0","0.0","0.0","0.0","0.0","0.0","0.0","0.0","0.0","0.0","0.0","0.0","0.0","0.0","0.0","1.0","1.0","1.0","1.0","1.0","2.0","1.0","2.0","1.0","2.0","1.0"
"42","3.0","0.0","3.0","0.0","3.0","2.0","3.0","1.0","2.0","2.0","2.0","3.0","2.0","3.0","1.0","3.0","2.0","3.0","2.0","3.0","1.0","2.0","1.0","1.0","1.0","1.0","1.0","1.0","0.0","1.0","1.0","1.0","0.0","1.0","0.0","1.0","0.0","1.0","0.0","1.0","0.0","1.0","0.0","1.0","0.0","1.0","0.0","0.0","0.0","0.0","0.0","0.0","0.0","0.0","0.0","0.0","0.0","0.0","0.0","0.0","0.0","0.0","1.0","0.0","2.0","0.0","2.0","0.0","2.0","1.0","3.0","1.0","3.0","1.0","3.0","1.0","3.0","1.0"
"43","3.0","1.0","3.0","0.0","3.0","0.0","3.0","1.0","3.0","2.0","2.0","3.0","2.0","3.0","3.0","3.0","3.0","3.0","3.0","3.0","3.0","3.0","2.0","3.0","1.0","1.0","1.0","1.0","0.0","1.0","0.0","1.0","1.0","1.0","0.0","1.0","0.0","1.0","0.0","1.0","0.0","2.0","0.0","1.0","0.0","1.0","0.0","1.0","0.0","1.0","0.0","1.0","0.0","1.0","0.0","1.0","0.0","1.0","0.0","1.0","0.0","1.0","0.0","0.0","0.0","1.0","0.0","1.0","1.0","1.0","1.0","1.0","2.0","1.0","3.0","1.0","3.0","2.0"
"44","3.0","1.0","3.0","0.0","3.0","0.0","3.0","2.0","3.0","2.0","2.0","3.0","3.0","3.0","3.0","3.0","3.0","3.0","3.0","3.0","3.0","3.0","3.0","2.0","2.0","1.0","2.0","1.0","1.0","1.0","1.0","1.0","1.0","1.0","1.0","1.0","1.0","1.0","1.0","1.0","1.0","1.0","1.0","1.0","0.0","1.0","0.0","1.0","0.0","1.0","0.0","1.0","0.0","1.0","0.0","1.0","0.0","1.0","0.0","0.0","0.0","0.0","0.0","0.0","0.0","0.0","0.0","1.0","1.0","1.0","1.0","1.0","2.0","1.0","2.0","1.0","3.0","1.0"
"45","2.0","2.0","3.0","1.0","3.0","0.0","3.0","0.0","3.0","1.0","3.0","2.0","1.0","3.0","3.0","3.0","3.0","3.0","3.0","3.0","3.0","3.0","3.0","3.0","2.0","3.0","1.0","2.0","1.0","2.0","1.0","1.0","1.0","2.0","1.0","2.0","1.0","2.0","1.0","1.0","1.0","2.0","1.0","2.0","0.0","1.0","0.0","1.0","0.0","1.0","0.0","1.0","0.0","1.0","0.0","1.0","0.0","1.0","0.0","1.0","0.0","1.0","0.0","1.0","0.0","1.0","0.0","1.0","0.0","1.0","0.0","1.0","0.0","1.0","0.0","1.0","1.0","1.0"
"46","3.0","0.0","3.0","0.0","3.0","0.0","3.0","2.0","3.0","2.0","2.0","3.0","3.0","3.0","3.0","3.0","3.0","3.0","3.0","3.0","3.0","3.0","2.0","2.0","1.0","2.0","1.0","2.0","1.0","2.0","1.0","1.0","1.0","1.0","1.0","2.0","1.0","1.0","1.0","1.0","0.0","1.0","0.0","1.0","0.0","1.0","0.0","1.0","0.0","1.0","0.0","1.0","0.0","1.0","0.0","1.0","0.0","1.0","0.0","1.0","0.0","1.0","0.0","1.0","0.0","1.0","0.0","1.0","0.0","1.0","0.0","1.0","0.0","1.0","1.0","1.0","1.0","1.0"
"47","3.0","1.0","3.0","0.0","3.0","0.0","3.0","2.0","3.0","2.0","3.0","3.0","3.0","3.0","3.0","3.0","3.0","3.0","3.0","3.0","3.0","3.0","3.0","2.0","2.0","2.0","2.0","2.0","2.0","1.0","2.0","1.0","2.0","1.0","1.0","1.0","2.0","1.0","1.0","1.0","1.0","1.0","1.0","1.0","1.0","1.0","1.0","1.0","1.0","1.0","1.0","1.0","1.0","1.0","0.0","1.0","0.0","1.0","0.0","1.0","0.0","1.0","0.0","1.0","0.0","1.0","0.0","0.0","0.0","0.0","0.0","0.0","1.0","1.0","1.0","0.0","2.0","1.0"
"48","3.0","3.0","3.0","3.0","2.0","3.0","2.0","3.0","2.0","3.0","2.0","2.0","2.0","1.0","1.0","1.0","1.0","1.0","1.0","1.0","1.0","1.0","1.0","1.0","1.0","1.0","1.0","1.0","1.0","1.0","1.0","1.0","0.0","1.0","0.0","1.0","0.0","1.0","0.0","1.0","0.0","1.0","0.0","1.0","0.0","1.0","0.0","1.0","0.0","1.0","0.0","0.0","0.0","0.0","0.0","0.0","0.0","0.0","0.0","0.0","1.0","0.0","1.0","0.0","1.0","0.0","2.0","1.0","2.0","1.0","2.0","1.0","3.0","1.0","3.0","1.0","3.0","1.0"
"49","3.0","1.0","3.0","0.0","3.0","0.0","3.0","1.0","3.0","2.0","2.0","3.0","3.0","3.0","3.0","3.0","3.0","3.0","3.0","3.0","3.0","3.0","3.0","3.0","2.0","2.0","2.0","2.0","1.0","1.0","1.0","1.0","1.0","1.0","1.0","1.0","1.0","1.0","1.0","1.0","1.0","1.0","1.0","1.0","1.0","1.0","1.0","1.0","0.0","1.0","0.0","1.0","0.0","1.0","0.0","1.0","0.0","1.0","0.0","1.0","0.0","1.0","0.0","1.0","0.0","1.0","0.0","1.0","0.0","0.0","0.0","0.0","0.0","0.0","1.0","0.0","1.0","0.0"
"50","3.0","1.0","3.0","0.0","3.0","0.0","3.0","1.0","3.0","2.0","2.0","3.0","3.0","3.0","3.0","3.0","3.0","3.0","3.0","3.0","3.0","3.0","3.0","3.0","2.0","2.0","1.0","2.0","1.0","2.0","1.0","2.0","1.0","2.0","1.0","2.0","1.0","1.0","1.0","2.0","1.0","1.0","0.0","2.0","0.0","1.0","0.0","1.0","0.0","1.0","0.0","1.0","0.0","1.0","0.0","1.0","0.0","1.0","0.0","1.0","0.0","1.0","0.0","1.0","0.0","1.0","0.0","1.0","0.0","1.0","0.0","1.0","0.0","0.0","0.0","1.0","1.0","1.0"
"51","2.0","2.0","3.0","0.0","3.0","0.0","3.0","0.0","3.0","2.0","2.0","2.0","1.0","3.0","2.0","3.0","2.0","3.0","1.0","3.0","2.0","3.0","2.0","3.0","1.0","2.0","1.0","2.0","1.0","1.0","0.0","1.0","0.0","1.0","0.0","1.0","0.0","1.0","0.0","1.0","0.0","1.0","0.0","1.0","0.0","1.0","0.0","1.0","0.0","1.0","0.0","1.0","0.0","1.0","0.0","1.0","0.0","1.0","0.0","1.0","0.0","1.0","0.0","1.0","0.0","1.0","0.0","0.0","0.0","0.0","0.0","0.0","0.0","0.0","0.0","0.0","0.0","0.0"
"52","2.0","2.0","2.0","1.0","3.0","0.0","3.0","0.0","3.0","0.0","3.0","2.0","2.0","2.0","1.0","3.0","2.0","3.0","2.0","3.0","2.0","3.0","2.0","3.0","2.0","3.0","2.0","1.0","1.0","1.0","1.0","1.0","1.0","1.0","1.0","1.0","1.0","1.0","1.0","1.0","1.0","1.0","1.0","1.0","1.0","1.0","1.0","1.0","1.0","1.0","1.0","1.0","1.0","1.0","0.0","1.0","0.0","1.0","0.0","1.0","0.0","1.0","0.0","1.0","0.0","1.0","0.0","1.0","0.0","1.0","0.0","0.0","0.0","0.0","0.0","0.0","1.0","0.0"
"53","3.0","1.0","3.0","0.0","3.0","0.0","3.0","1.0","3.0","2.0","2.0","3.0","2.0","3.0","3.0","3.0","3.0","3.0","3.0","3.0","3.0","3.0","2.0","3.0","2.0","1.0","1.0","2.0","1.0","1.0","1.0","2.0","1.0","1.0","1.0","2.0","1.0","1.0","1.0","1.0","1.0","1.0","1.0","1.0","1.0","1.0","1.0","1.0","0.0","1.0","0.0","1.0","0.0","1.0","0.0","1.0","0.0","1.0","0.0","1.0","0.0","1.0","0.0","1.0","0.0","1.0","0.0","1.0","0.0","0.0","0.0","0.0","0.0","0.0","0.0","0.0","0.0","0.0"
"54","2.0","2.0","3.0","1.0","3.0","0.0","3.0","0.0","3.0","1.0","2.0","2.0","1.0","3.0","2.0","3.0","3.0","3.0","2.0","3.0","3.0","3.0","2.0","3.0","2.0","3.0","1.0","2.0","1.0","2.0","1.0","2.0","1.0","2.0","1.0","2.0","1.0","2.0","1.0","1.0","1.0","1.0","1.0","1.0","1.0","2.0","1.0","1.0","0.0","1.0","0.0","1.0","0.0","1.0","0.0","1.0","0.0","1.0","0.0","1.0","0.0","1.0","0.0","1.0","0.0","1.0","0.0","1.0","0.0","1.0","0.0","1.0","0.0","1.0","0.0","0.0","0.0","0.0"
"55","3.0","2.0","3.0","1.0","3.0","0.0","3.0","0.0","3.0","1.0","3.0","2.0","2.0","3.0","3.0","3.0","3.0","3.0","3.0","3.0","3.0","3.0","2.0","3.0","2.0","3.0","2.0","2.0","1.0","2.0","1.0","2.0","1.0","2.0","1.0","1.0","1.0","2.0","1.0","1.0","1.0","1.0","1.0","1.0","1.0","1.0","1.0","1.0","1.0","1.0","1.0","1.0","1.0","1.0","1.0","1.0","0.0","1.0","1.0","1.0","0.0","1.0","0.0","1.0","0.0","1.0","0.0","1.0","0.0","1.0","0.0","0.0","0.0","0.0","0.0","0.0","1.0","0.0"
"56","2.0","2.0","3.0","0.0","3.0","0.0","3.0","0.0","3.0","2.0","3.0","2.0","2.0","3.0","2.0","3.0","3.0","3.0","2.0","3.0","2.0","3.0","2.0","3.0","1.0","2.0","1.0","2.0","1.0","2.0","1.0","2.0","1.0","1.0","1.0","2.0","1.0","1.0","1.0","1.0","1.0","1.0","1.0","1.0","1.0","1.0","1.0","1.0","1.0","1.0","0.0","1.0","0.0","1.0","0.0","1.0","0.0","1.0","0.0","1.0","0.0","1.0","0.0","1.0","0.0","1.0","0.0","1.0","0.0","1.0","0.0","0.0","0.0","1.0","1.0","0.0","1.0","0.0"
"57","3.0","0.0","3.0","0.0","3.0","0.0","3.0","2.0","3.0","2.0","2.0","3.0","3.0","3.0","3.0","3.0","3.0","3.0","3.0","3.0","3.0","3.0","3.0","2.0","2.0","1.0","2.0","1.0","2.0","1.0","2.0","1.0","1.0","1.0","1.0","1.0","1.0","1.0","1.0","1.0","1.0","1.0","1.0","1.0","1.0","1.0","1.0","1.0","1.0","1.0","1.0","1.0","1.0","1.0","1.0","1.0","0.0","1.0","0.0","1.0","0.0","1.0","0.0","1.0","0.0","0.0","0.0","0.0","0.0","0.0","1.0","0.0","1.0","0.0","1.0","0.0","1.0","0.0"
"58","3.0","1.0","3.0","0.0","3.0","0.0","3.0","1.0","3.0","2.0","3.0","3.0","2.0","3.0","3.0","3.0","3.0","3.0","3.0","3.0","3.0","3.0","3.0","3.0","2.0","2.0","2.0","2.0","2.0","2.0","1.0","2.0","1.0","2.0","1.0","2.0","1.0","2.0","1.0","2.0","1.0","2.0","1.0","2.0","1.0","1.0","1.0","1.0","1.0","1.0","1.0","1.0","1.0","1.0","0.0","1.0","0.0","1.0","0.0","1.0","0.0","1.0","0.0","1.0","0.0","1.0","0.0","1.0","0.0","1.0","0.0","1.0","0.0","1.0","1.0","0.0","1.0","0.0"
"59","2.0","3.0","2.0","3.0","3.0","3.0","2.0","3.0","2.0","3.0","1.0","2.0","1.0","2.0","1.0","2.0","1.0","2.0","1.0","2.0","1.0","2.0","1.0","2.0","1.0","2.0","1.0","2.0","1.0","2.0","1.0","2.0","1.0","2.0","1.0","2.0","1.0","1.0","1.0","1.0","1.0","1.0","1.0","1.0","1.0","1.0","1.0","1.0","1.0","1.0","1.0","1.0","1.0","1.0","1.0","1.0","2.0","1.0","2.0","1.0","2.0","1.0","2.0","1.0","2.0","1.0","3.0","1.0","3.0","1.0","3.0","1.0","3.0","1.0","3.0","1.0","3.0","1.0"
"60","3.0","3.0","3.0","3.0","3.0","3.0","3.0","3.0","3.0","3.0","2.0","2.0","1.0","2.0","2.0","2.0","1.0","2.0","1.0","1.0","1.0","2.0","1.0","1.0","1.0","1.0","1.0","1.0","1.0","1.0","1.0","1.0","1.0","1.0","1.0","1.0","1.0","1.0","1.0","1.0","0.0","1.0","0.0","1.0","0.0","1.0","0.0","1.0","0.0","1.0","0.0","1.0","0.0","1.0","1.0","1.0","1.0","1.0","1.0","1.0","1.0","1.0","1.0","1.0","2.0","1.0","2.0","1.0","2.0","1.0","3.0","1.0","3.0","1.0","3.0","1.0","3.0","1.0"
"61","3.0","0.0","3.0","0.0","3.0","1.0","3.0","2.0","3.0","2.0","2.0","3.0","3.0","3.0","3.0","3.0","3.0","3.0","3.0","3.0","3.0","3.0","2.0","2.0","1.0","2.0","2.0","2.0","1.0","2.0","1.0","1.0","1.0","2.0","1.0","1.0","1.0","1.0","1.0","2.0","1.0","1.0","1.0","1.0","1.0","1.0","0.0","1.0","1.0","1.0","0.0","1.0","0.0","1.0","0.0","1.0","0.0","1.0","0.0","1.0","0.0","1.0","0.0","1.0","0.0","1.0","0.0","1.0","0.0","1.0","0.0","0.0","1.0","0.0","1.0","0.0","2.0","1.0"
"62","3.0","0.0","3.0","0.0","3.0","1.0","3.0","2.0","3.0","2.0","3.0","3.0","3.0","3.0","3.0","3.0","3.0","3.0","3.0","3.0","3.0","3.0","2.0","1.0","1.0","1.0","1.0","1.0","1.0","1.0","1.0","1.0","1.0","1.0","1.0","1.0","1.0","1.0","1.0","1.0","1.0","1.0","1.0","1.0","1.0","1.0","0.0","1.0","0.0","1.0","0.0","1.0","0.0","1.0","0.0","1.0","0.0","1.0","0.0","1.0","0.0","1.0","0.0","1.0","0.0","0.0","0.0","0.0","0.0","1.0","0.0","0.0","0.0","0.0","1.0","1.0","1.0","1.0"
"63","3.0","0.0","3.0","0.0","3.0","0.0","3.0","2.0","3.0","3.0","2.0","3.0","3.0","3.0","3.0","3.0","3.0","3.0","2.0","3.0","3.0","3.0","1.0","2.0","1.0","2.0","1.0","1.0","1.0","1.0","1.0","1.0","1.0","1.0","1.0","1.0","1.0","1.0","1.0","1.0","1.0","1.0","1.0","1.0","0.0","1.0","0.0","1.0","0.0","1.0","0.0","1.0","0.0","1.0","0.0","1.0","0.0","1.0","0.0","1.0","0.0","1.0","0.0","0.0","0.0","0.0","0.0","0.0","0.0","0.0","1.0","0.0","1.0","0.0","1.0","0.0","2.0","1.0"
"64","3.0","1.0","3.0","0.0","3.0","1.0","3.0","2.0","3.0","2.0","3.0","3.0","3.0","3.0","3.0","3.0","3.0","3.0","3.0","3.0","3.0","3.0","2.0","2.0","2.0","2.0","2.0","2.0","2.0","2.0","1.0","1.0","1.0","2.0","1.0","1.0","1.0","1.0","1.0","1.0","1.0","1.0","1.0","1.0","1.0","1.0","1.0","1.0","1.0","1.0","1.0","1.0","1.0","1.0","0.0","1.0","0.0","1.0","0.0","1.0","0.0","1.0","0.0","1.0","0.0","1.0","0.0","1.0","0.0","1.0","0.0","1.0","1.0","1.0","1.0","1.0","1.0","1.0"
"65","2.0","2.0","3.0","1.0","3.0","0.0","3.0","0.0","3.0","0.0","3.0","2.0","2.0","3.0","2.0","3.0","3.0","3.0","3.0","3.0","3.0","3.0","2.0","3.0","2.0","3.0","2.0","2.0","1.0","2.0","1.0","1.0","1.0","2.0","1.0","1.0","1.0","1.0","1.0","2.0","1.0","1.0","1.0","1.0","1.0","1.0","1.0","1.0","1.0","1.0","1.0","1.0","1.0","1.0","0.0","1.0","1.0","1.0","0.0","1.0","1.0","1.0","0.0","1.0","0.0","1.0","0.0","1.0","1.0","1.0","1.0","0.0","1.0","0.0","1.0","0.0","1.0","0.0"
"66","3.0","0.0","3.0","0.0","3.0","1.0","3.0","2.0","3.0","2.0","3.0","3.0","3.0","3.0","3.0","3.0","3.0","3.0","3.0","3.0","3.0","3.0","3.0","2.0","2.0","2.0","2.0","1.0","2.0","1.0","1.0","1.0","1.0","1.0","1.0","1.0","1.0","1.0","1.0","1.0","1.0","1.0","1.0","1.0","1.0","1.0","1.0","1.0","1.0","1.0","1.0","1.0","0.0","1.0","0.0","1.0","0.0","1.0","0.0","1.0","0.0","1.0","0.0","0.0","0.0","1.0","0.0","0.0","0.0","0.0","1.0","0.0","1.0","0.0","1.0","0.0","1.0","0.0"
"67","3.0","1.0","3.0","0.0","3.0","0.0","3.0","1.0","3.0","2.0","1.0","3.0","3.0","3.0","3.0","3.0","3.0","3.0","3.0","3.0","3.0","3.0","3.0","3.0","2.0","2.0","2.0","1.0","2.0","1.0","2.0","1.0","2.0","1.0","1.0","1.0","1.0","1.0","2.0","1.0","1.0","1.0","1.0","1.0","1.0","1.0","1.0","1.0","1.0","1.0","1.0","1.0","1.0","1.0","1.0","1.0","1.0","1.0","1.0","1.0","1.0","1.0","1.0","1.0","1.0","1.0","1.0","1.0","1.0","0.0","1.0","0.0","2.0","0.0","2.0","1.0","2.0","0.0"
"68","2.0","2.0","3.0","1.0","3.0","0.0","3.0","0.0","3.0","1.0","3.0","2.0","2.0","3.0","1.0","3.0","3.0","3.0","3.0","3.0","2.0","3.0","2.0","3.0","3.0","3.0","2.0","2.0","2.0","2.0","2.0","1.0","2.0","1.0","2.0","1.0","2.0","1.0","2.0","1.0","3.0","2.0","1.0","1.0","2.0","1.0","2.0","1.0","2.0","1.0","2.0","1.0","2.0","1.0","2.0","1.0","2.0","1.0","1.0","1.0","1.0","1.0","2.0","1.0","2.0","1.0","1.0","1.0","2.0","1.0","2.0","1.0","2.0","1.0","2.0","1.0","3.0","1.0"
"69","2.0","2.0","3.0","1.0","3.0","0.0","3.0","0.0","3.0","1.0","3.0","2.0","1.0","3.0","2.0","3.0","3.0","3.0","3.0","3.0","3.0","3.0","3.0","3.0","2.0","3.0","1.0","2.0","2.0","1.0","2.0","1.0","1.0","1.0","1.0","1.0","1.0","1.0","2.0","1.0","1.0","1.0","1.0","1.0","1.0","1.0","1.0","1.0","1.0","1.0","1.0","1.0","1.0","1.0","1.0","1.0","1.0","1.0","1.0","1.0","1.0","1.0","1.0","0.0","1.0","0.0","1.0","0.0","1.0","0.0","1.0","0.0","1.0","0.0","2.0","0.0","2.0","0.0"
"70","3.0","2.0","3.0","0.0","3.0","0.0","3.0","0.0","3.0","1.0","2.0","2.0","1.0","3.0","2.0","3.0","3.0","3.0","3.0","3.0","3.0","3.0","3.0","3.0","2.0","2.0","1.0","2.0","1.0","2.0","1.0","2.0","1.0","1.0","1.0","1.0","1.0","1.0","1.0","1.0","1.0","1.0","1.0","1.0","1.0","1.0","1.0","1.0","1.0","1.0","0.0","1.0","1.0","1.0","0.0","1.0","0.0","1.0","0.0","1.0","0.0","1.0","0.0","1.0","0.0","1.0","0.0","0.0","1.0","1.0","1.0","0.0","1.0","0.0","1.0","0.0","1.0","0.0"
"71","3.0","3.0","3.0","3.0","2.0","3.0","2.0","3.0","2.0","3.0","2.0","2.0","2.0","2.0","1.0","1.0","1.0","2.0","2.0","2.0","1.0","2.0","1.0","1.0","1.0","1.0","1.0","1.0","1.0","2.0","1.0","1.0","1.0","1.0","1.0","1.0","1.0","1.0","0.0","1.0","1.0","1.0","0.0","1.0","1.0","1.0","0.0","1.0","0.0","1.0","1.0","1.0","1.0","0.0","1.0","0.0","2.0","0.0","1.0","0.0","2.0","0.0","2.0","0.0","2.0","1.0","3.0","1.0","3.0","1.0","3.0","1.0","3.0","1.0","3.0","1.0","3.0","1.0"
"72","2.0","1.0","3.0","0.0","3.0","0.0","3.0","0.0","3.0","2.0","3.0","2.0","2.0","3.0","2.0","3.0","3.0","3.0","2.0","3.0","3.0","3.0","2.0","3.0","2.0","3.0","2.0","2.0","1.0","1.0","1.0","1.0","1.0","1.0","2.0","1.0","1.0","1.0","2.0","1.0","1.0","1.0","1.0","1.0","1.0","1.0","1.0","1.0","0.0","1.0","1.0","1.0","1.0","1.0","0.0","1.0","1.0","1.0","0.0","1.0","0.0","0.0","0.0","0.0","1.0","0.0","1.0","0.0","1.0","0.0","1.0","0.0","1.0","0.0","2.0","0.0","2.0","0.0"
"73","3.0","3.0","3.0","3.0","3.0","3.0","3.0","3.0","3.0","3.0","2.0","2.0","2.0","2.0","2.0","1.0","2.0","2.0","2.0","1.0","2.0","1.0","1.0","1.0","1.0","1.0","1.0","1.0","1.0","1.0","1.0","1.0","1.0","1.0","1.0","1.0","1.0","1.0","1.0","1.0","1.0","1.0","1.0","1.0","1.0","1.0","1.0","1.0","1.0","1.0","1.0","1.0","1.0","0.0","1.0","1.0","2.0","0.0","2.0","0.0","2.0","1.0","2.0","1.0","2.0","1.0","3.0","1.0","3.0","1.0","3.0","1.0","3.0","1.0","3.0","2.0","3.0","1.0"
"74","3.0","3.0","3.0","3.0","3.0","3.0","3.0","3.0","3.0","2.0","2.0","1.0","3.0","1.0","1.0","2.0","1.0","2.0","1.0","1.0","2.0","1.0","1.0","1.0","2.0","1.0","2.0","2.0","1.0","1.0","1.0","1.0","2.0","2.0","1.0","1.0","1.0","1.0","2.0","2.0","1.0","1.0","1.0","1.0","1.0","1.0","1.0","1.0","1.0","0.0","0.0","2.0","1.0","0.0","3.0","0.0","1.0","2.0","2.0","0.0","2.0","1.0","2.0","1.0","3.0","1.0","3.0","1.0","3.0","2.0","3.0","1.0","3.0","1.0","3.0","2.0","3.0","1.0"
"75","3.0","2.0","3.0","1.0","3.0","0.0","3.0","0.0","3.0","2.0","3.0","2.0","1.0","3.0","2.0","3.0","2.0","3.0","2.0","3.0","2.0","3.0","1.0","3.0","2.0","3.0","2.0","2.0","2.0","2.0","2.0","1.0","2.0","1.0","2.0","1.0","2.0","1.0","2.0","1.0","1.0","1.0","2.0","1.0","1.0","1.0","1.0","1.0","1.0","1.0","1.0","1.0","1.0","1.0","1.0","1.0","1.0","1.0","1.0","1.0","1.0","1.0","1.0","0.0","1.0","0.0","1.0","1.0","1.0","0.0","1.0","0.0","2.0","0.0","2.0","0.0","2.0","0.0"
"76","2.0","2.0","3.0","1.0","3.0","0.0","3.0","0.0","3.0","1.0","3.0","2.0","1.0","3.0","2.0","3.0","3.0","3.0","3.0","3.0","3.0","3.0","3.0","3.0","2.0","3.0","2.0","2.0","2.0","2.0","1.0","2.0","1.0","1.0","1.0","2.0","1.0","1.0","1.0","1.0","1.0","2.0","1.0","1.0","1.0","1.0","1.0","1.0","1.0","1.0","1.0","1.0","0.0","1.0","0.0","1.0","1.0","1.0","0.0","1.0","1.0","1.0","0.0","1.0","0.0","1.0","1.0","0.0","1.0","1.0","1.0","0.0","1.0","0.0","2.0","1.0","2.0","1.0"
"77","2.0","2.0","3.0","1.0","3.0","0.0","3.0","0.0","3.0","0.0","3.0","2.0","2.0","3.0","2.0","3.0","3.0","3.0","3.0","3.0","3.0","3.0","3.0","3.0","3.0","3.0","2.0","2.0","1.0","2.0","1.0","2.0","1.0","2.0","1.0","1.0","1.0","1.0","1.0","1.0","1.0","1.0","1.0","1.0","1.0","1.0","1.0","1.0","1.0","1.0","1.0","1.0","0.0","1.0","0.0","1.0","0.0","1.0","0.0","1.0","0.0","1.0","0.0","1.0","0.0","1.0","0.0","1.0","0.0","1.0","1.0","1.0","1.0","1.0","1.0","1.0","2.0","1.0"
"78","3.0","1.0","3.0","0.0","3.0","0.0","3.0","0.0","3.0","2.0","3.0","2.0","2.0","3.0","3.0","3.0","3.0","3.0","3.0","3.0","3.0","3.0","3.0","3.0","2.0","2.0","2.0","2.0","2.0","2.0","1.0","2.0","1.0","1.0","1.0","1.0","1.0","1.0","1.0","1.0","1.0","1.0","1.0","1.0","1.0","1.0","1.0","1.0","1.0","1.0","1.0","1.0","1.0","1.0","1.0","1.0","0.0","1.0","0.0","1.0","0.0","1.0","1.0","1.0","1.0","1.0","1.0","1.0","1.0","1.0","1.0","1.0","1.0","1.0","2.0","1.0","2.0","1.0"
"79","3.0","1.0","3.0","0.0","3.0","0.0","3.0","0.0","3.0","2.0","3.0","2.0","1.0","3.0","2.0","3.0","3.0","3.0","3.0","3.0","2.0","3.0","3.0","3.0","2.0","2.0","2.0","1.0","2.0","1.0","2.0","1.0","2.0","1.0","1.0","1.0","1.0","1.0","1.0","1.0","1.0","1.0","1.0","1.0","1.0","1.0","1.0","1.0","1.0","1.0","1.0","1.0","1.0","1.0","1.0","1.0","1.0","1.0","1.0","1.0","1.0","1.0","1.0","0.0","1.0","0.0","1.0","0.0","1.0","0.0","1.0","0.0","2.0","0.0","2.0","0.0","2.0","0.0"
"80","3.0","2.0","3.0","0.0","3.0","0.0","3.0","0.0","3.0","2.0","3.0","2.0","1.0","3.0","2.0","3.0","3.0","3.0","2.0","3.0","3.0","3.0","2.0","3.0","2.0","3.0","2.0","2.0","2.0","1.0","2.0","2.0","2.0","1.0","1.0","1.0","1.0","1.0","1.0","1.0","1.0","1.0","1.0","1.0","1.0","1.0","1.0","1.0","1.0","1.0","1.0","1.0","1.0","1.0","1.0","1.0","1.0","1.0","0.0","1.0","1.0","1.0","0.0","1.0","1.0","1.0","1.0","0.0","1.0","0.0","1.0","0.0","1.0","0.0","2.0","0.0","2.0","0.0"
"81","2.0","2.0","3.0","1.0","3.0","0.0","3.0","0.0","3.0","1.0","3.0","2.0","1.0","3.0","1.0","3.0","2.0","3.0","2.0","3.0","3.0","3.0","2.0","3.0","2.0","3.0","2.0","2.0","1.0","2.0","1.0","1.0","1.0","1.0","1.0","2.0","1.0","1.0","1.0","1.0","1.0","1.0","1.0","1.0","1.0","1.0","1.0","1.0","1.0","1.0","1.0","1.0","0.0","1.0","0.0","1.0","0.0","1.0","0.0","1.0","0.0","1.0","0.0","1.0","0.0","0.0","1.0","0.0","1.0","0.0","1.0","0.0","1.0","0.0","1.0","0.0","2.0","0.0"
"82","2.0","2.0","3.0","0.0","3.0","0.0","3.0","0.0","3.0","2.0","2.0","2.0","1.0","3.0","2.0","3.0","3.0","3.0","2.0","3.0","2.0","3.0","3.0","3.0","2.0","3.0","1.0","2.0","1.0","2.0","1.0","2.0","1.0","2.0","1.0","1.0","1.0","2.0","1.0","1.0","1.0","1.0","1.0","1.0","1.0","1.0","1.0","1.0","1.0","1.0","1.0","1.0","1.0","1.0","0.0","1.0","1.0","1.0","0.0","1.0","1.0","1.0","0.0","1.0","1.0","0.0","1.0","0.0","1.0","0.0","1.0","0.0","1.0","0.0","2.0","0.0","2.0","0.0"
"83","2.0","2.0","3.0","0.0","3.0","0.0","3.0","0.0","3.0","2.0","2.0","2.0","1.0","3.0","2.0","3.0","3.0","3.0","2.0","3.0","3.0","3.0","3.0","3.0","2.0","3.0","1.0","2.0","2.0","2.0","1.0","2.0","1.0","1.0","1.0","1.0","1.0","1.0","1.0","1.0","1.0","1.0","1.0","1.0","1.0","1.0","1.0","1.0","1.0","1.0","1.0","1.0","1.0","1.0","1.0","1.0","0.0","1.0","0.0","1.0","0.0","1.0","0.0","0.0","0.0","0.0","1.0","0.0","1.0","0.0","1.0","0.0","1.0","0.0","2.0","0.0","2.0","0.0"
"84","2.0","2.0","3.0","0.0","3.0","0.0","3.0","0.0","3.0","2.0","3.0","2.0","1.0","3.0","3.0","3.0","3.0","3.0","2.0","3.0","3.0","3.0","3.0","3.0","2.0","3.0","1.0","2.0","2.0","1.0","1.0","1.0","2.0","1.0","1.0","1.0","1.0","1.0","1.0","1.0","1.0","1.0","1.0","1.0","1.0","1.0","1.0","1.0","1.0","1.0","1.0","1.0","1.0","1.0","1.0","1.0","1.0","1.0","1.0","1.0","1.0","1.0","1.0","1.0","1.0","0.0","1.0","0.0","1.0","0.0","2.0","0.0","2.0","0.0","2.0","0.0","2.0","0.0"
"85","2.0","2.0","3.0","1.0","3.0","0.0","3.0","0.0","3.0","0.0","3.0","2.0","2.0","3.0","1.0","3.0","2.0","3.0","3.0","3.0","2.0","3.0","2.0","3.0","2.0","3.0","2.0","2.0","1.0","1.0","1.0","1.0","1.0","1.0","1.0","1.0","1.0","1.0","1.0","1.0","1.0","1.0","1.0","1.0","1.0","1.0","1.0","1.0","1.0","1.0","1.0","1.0","1.0","1.0","1.0","1.0","0.0","1.0","0.0","1.0","0.0","1.0","0.0","1.0","0.0","0.0","1.0","0.0","1.0","0.0","1.0","0.0","1.0","0.0","2.0","0.0","2.0","0.0"
"86","2.0","2.0","3.0","1.0","3.0","0.0","3.0","0.0","3.0","0.0","3.0","2.0","1.0","3.0","2.0","3.0","2.0","3.0","3.0","3.0","2.0","3.0","2.0","3.0","2.0","3.0","2.0","2.0","1.0","2.0","1.0","1.0","1.0","1.0","1.0","1.0","1.0","1.0","1.0","1.0","1.0","1.0","1.0","1.0","1.0","1.0","1.0","1.0","1.0","1.0","1.0","1.0","1.0","1.0","1.0","1.0","1.0","1.0","1.0","1.0","0.0","1.0","1.0","0.0","1.0","1.0","1.0","0.0","1.0","0.0","2.0","0.0","1.0","0.0","2.0","0.0","2.0","0.0"
"87","3.0","2.0","3.0","1.0","3.0","0.0","3.0","0.0","3.0","1.0","3.0","2.0","2.0","3.0","2.0","3.0","3.0","3.0","3.0","3.0","3.0","3.0","3.0","3.0","3.0","3.0","2.0","2.0","2.0","2.0","2.0","2.0","2.0","2.0","2.0","2.0","1.0","2.0","1.0","1.0","1.0","1.0","1.0","1.0","1.0","1.0","1.0","1.0","1.0","1.0","1.0","1.0","1.0","1.0","1.0","1.0","1.0","1.0","1.0","1.0","0.0","1.0","0.0","1.0","0.0","1.0","1.0","1.0","1.0","1.0","1.0","1.0","1.0","1.0","1.0","1.0","2.0","1.0"
"88","2.0","2.0","3.0","1.0","3.0","0.0","3.0","0.0","3.0","0.0","2.0","2.0","1.0","3.0","1.0","3.0","2.0","3.0","2.0","3.0","2.0","3.0","2.0","3.0","2.0","3.0","1.0","2.0","1.0","2.0","1.0","1.0","1.0","1.0","1.0","1.0","1.0","1.0","1.0","1.0","1.0","1.0","1.0","1.0","1.0","1.0","1.0","1.0","1.0","1.0","1.0","1.0","0.0","1.0","0.0","1.0","0.0","1.0","1.0","1.0","0.0","1.0","1.0","1.0","1.0","1.0","1.0","0.0","1.0","0.0","1.0","0.0","2.0","0.0","2.0","0.0","2.0","0.0"
"89","2.0","2.0","3.0","1.0","3.0","0.0","3.0","0.0","3.0","1.0","2.0","2.0","1.0","3.0","1.0","3.0","2.0","3.0","2.0","3.0","2.0","3.0","2.0","3.0","2.0","3.0","1.0","1.0","1.0","1.0","1.0","1.0","1.0","1.0","1.0","1.0","1.0","1.0","1.0","1.0","1.0","1.0","1.0","1.0","1.0","1.0","1.0","1.0","0.0","1.0","1.0","1.0","0.0","1.0","0.0","1.0","0.0","1.0","0.0","1.0","0.0","0.0","0.0","0.0","0.0","0.0","0.0","0.0","1.0","0.0","1.0","0.0","1.0","0.0","1.0","0.0","2.0","0.0"
"90","2.0","2.0","3.0","1.0","3.0","0.0","3.0","0.0","3.0","1.0","2.0","2.0","1.0","3.0","1.0","3.0","2.0","3.0","2.0","3.0","1.0","3.0","1.0","3.0","1.0","3.0","2.0","2.0","1.0","1.0","1.0","2.0","1.0","1.0","1.0","1.0","1.0","1.0","1.0","1.0","1.0","1.0","1.0","1.0","1.0","1.0","1.0","1.0","1.0","1.0","1.0","1.0","0.0","1.0","0.0","1.0","0.0","1.0","0.0","1.0","0.0","0.0","0.0","0.0","0.0","0.0","1.0","0.0","1.0","0.0","1.0","0.0","1.0","0.0","2.0","0.0","2.0","0.0"
"91","3.0","2.0","3.0","0.0","3.0","0.0","3.0","0.0","3.0","1.0","2.0","2.0","1.0","3.0","2.0","3.0","2.0","3.0","3.0","3.0","2.0","3.0","2.0","3.0","2.0","3.0","2.0","2.0","2.0","1.0","2.0","2.0","1.0","1.0","1.0","1.0","1.0","1.0","1.0","1.0","1.0","1.0","1.0","1.0","1.0","1.0","1.0","1.0","1.0","1.0","1.0","1.0","1.0","1.0","1.0","1.0","1.0","1.0","1.0","1.0","1.0","1.0","1.0","0.0","1.0","0.0","1.0","0.0","2.0","0.0","1.0","0.0","2.0","0.0","2.0","0.0","2.0","0.0"
"92","2.0","2.0","3.0","0.0","3.0","0.0","3.0","0.0","3.0","2.0","3.0","2.0","1.0","3.0","1.0","3.0","2.0","3.0","2.0","3.0","2.0","3.0","2.0","3.0","2.0","3.0","2.0","2.0","1.0","1.0","1.0","1.0","1.0","1.0","1.0","1.0","1.0","1.0","1.0","1.0","1.0","1.0","1.0","1.0","1.0","1.0","1.0","1.0","0.0","1.0","1.0","1.0","0.0","1.0","0.0","1.0","0.0","1.0","1.0","1.0","0.0","1.0","0.0","0.0","0.0","0.0","1.0","0.0","1.0","0.0","1.0","0.0","1.0","0.0","2.0","0.0","2.0","0.0"
"93","2.0","1.0","3.0","0.0","3.0","0.0","3.0","0.0","3.0","1.0","2.0","3.0","1.0","3.0","2.0","3.0","2.0","3.0","2.0","3.0","2.0","3.0","2.0","3.0","1.0","2.0","1.0","1.0","1.0","1.0","1.0","1.0","1.0","1.0","1.0","1.0","1.0","1.0","1.0","1.0","1.0","1.0","1.0","1.0","0.0","1.0","0.0","1.0","0.0","1.0","0.0","1.0","0.0","1.0","0.0","1.0","0.0","1.0","0.0","1.0","0.0","0.0","0.0","0.0","0.0","0.0","0.0","0.0","1.0","0.0","1.0","0.0","1.0","0.0","2.0","0.0","2.0","0.0"
"94","3.0","1.0","3.0","0.0","3.0","0.0","3.0","0.0","3.0","1.0","3.0","2.0","1.0","3.0","2.0","3.0","3.0","3.0","2.0","3.0","2.0","3.0","3.0","3.0","2.0","2.0","1.0","2.0","1.0","1.0","1.0","1.0","1.0","1.0","1.0","1.0","0.0","1.0","2.0","1.0","1.0","1.0","1.0","1.0","1.0","1.0","1.0","1.0","1.0","1.0","1.0","1.0","1.0","1.0","0.0","1.0","0.0","1.0","1.0","1.0","1.0","1.0","1.0","1.0","1.0","0.0","1.0","0.0","1.0","0.0","2.0","0.0","2.0","0.0","2.0","0.0","2.0","0.0"
"95","3.0","1.0","3.0","0.0","3.0","0.0","3.0","1.0","2.0","2.0","1.0","3.0","2.0","3.0","2.0","3.0","2.0","3.0","2.0","3.0","2.0","3.0","2.0","3.0","1.0","2.0","1.0","1.0","1.0","2.0","1.0","1.0","1.0","1.0","1.0","1.0","1.0","1.0","1.0","1.0","1.0","1.0","1.0","1.0","1.0","1.0","1.0","1.0","1.0","1.0","0.0","1.0","0.0","1.0","1.0","1.0","0.0","1.0","0.0","1.0","1.0","1.0","1.0","0.0","1.0","0.0","1.0","0.0","1.0","0.0","2.0","0.0","2.0","0.0","2.0","1.0","2.0","1.0"
"96","3.0","1.0","3.0","0.0","3.0","0.0","3.0","1.0","2.0","2.0","1.0","3.0","1.0","3.0","2.0","3.0","2.0","3.0","2.0","3.0","2.0","3.0","2.0","3.0","2.0","2.0","1.0","2.0","1.0","2.0","1.0","1.0","1.0","1.0","1.0","1.0","1.0","1.0","1.0","1.0","1.0","1.0","1.0","1.0","1.0","1.0","1.0","1.0","1.0","1.0","0.0","1.0","1.0","1.0","1.0","1.0","1.0","1.0","0.0","1.0","1.0","0.0","0.0","0.0","1.0","0.0","1.0","0.0","1.0","0.0","2.0","0.0","2.0","0.0","2.0","0.0","3.0","1.0"
"97","2.0","2.0","2.0","2.0","3.0","0.0","3.0","0.0","3.0","0.0","3.0","2.0","3.0","2.0","1.0","3.0","1.0","3.0","2.0","3.0","1.0","3.0","2.0","3.0","1.0","3.0","2.0","3.0","2.0","2.0","1.0","1.0","1.0","1.0","1.0","1.0","1.0","1.0","1.0","1.0","1.0","1.0","1.0","1.0","1.0","1.0","1.0","1.0","0.0","1.0","0.0","1.0","1.0","1.0","0.0","1.0","1.0","1.0","0.0","1.0","0.0","1.0","0.0","1.0","0.0","0.0","1.0","0.0","1.0","0.0","1.0","0.0","1.0","0.0","2.0","0.0","2.0","0.0"
"98","3.0","2.0","3.0","1.0","3.0","0.0","3.0","0.0","3.0","1.0","3.0","2.0","2.0","3.0","2.0","3.0","3.0","3.0","3.0","3.0","3.0","3.0","3.0","3.0","3.0","3.0","3.0","2.0","2.0","1.0","2.0","1.0","2.0","1.0","2.0","1.0","2.0","1.0","2.0","1.0","2.0","1.0","2.0","1.0","2.0","1.0","2.0","1.0","2.0","1.0","2.0","1.0","1.0","1.0","1.0","1.0","1.0","1.0","2.0","1.0","1.0","1.0","1.0","0.0","2.0","0.0","1.0","0.0","2.0","0.0","2.0","0.0","2.0","0.0","2.0","0.0","3.0","0.0"
"99","3.0","3.0","3.0","3.0","3.0","3.0","3.0","3.0","3.0","3.0","3.0","2.0","2.0","1.0","2.0","1.0","2.0","1.0","2.0","1.0","2.0","1.0","1.0","1.0","1.0","1.0","1.0","1.0","1.0","1.0","1.0","1.0","1.0","1.0","1.0","1.0","1.0","1.0","1.0","1.0","1.0","1.0","1.0","1.0","1.0","1.0","1.0","1.0","0.0","1.0","1.0","1.0","1.0","0.0","1.0","0.0","1.0","1.0","2.0","1.0","2.0","1.0","2.0","1.0","2.0","1.0","3.0","1.0","3.0","1.0","3.0","1.0","3.0","1.0","3.0","1.0","3.0","1.0"
"100","2.0","2.0","3.0","1.0","3.0","0.0","3.0","0.0","3.0","1.0","2.0","2.0","1.0","3.0","1.0","3.0","2.0","3.0","2.0","3.0","2.0","3.0","1.0","3.0","2.0","3.0","1.0","1.0","2.0","2.0","1.0","1.0","1.0","1.0","1.0","1.0","1.0","1.0","1.0","1.0","1.0","1.0","1.0","1.0","1.0","1.0","0.0","1.0","0.0","1.0","0.0","1.0","0.0","1.0","0.0","1.0","0.0","1.0","0.0","1.0","0.0","1.0","0.0","1.0","0.0","0.0","1.0","0.0","0.0","0.0","1.0","0.0","1.0","0.0","1.0","0.0","2.0","1.0"
"101","1.0","2.0","0.0","1.0","0.0","1.0","0.0","1.0","0.0","1.0","0.0","1.0","0.0","1.0","0.0","1.0","0.0","1.0","0.0","1.0","0.0","1.0","0.0","1.0","0.0","1.0","0.0","1.0","0.0","1.0","0.0","1.0","0.0","1.0","0.0","1.0","0.0","1.0","0.0","1.0","0.0","1.0","0.0","1.0","0.0","1.0","1.0","1.0","1.0","1.0","1.0","2.0","2.0","2.0","2.0","2.0","2.0","2.0","2.0","2.0","2.0","2.0","2.0","2.0","2.0","2.0","2.0","2.0","2.0","2.0","2.0","2.0","2.0","2.0","2.0","2.0","2.0","2.0"
"102","3.0","2.0","3.0","2.0","3.0","0.0","3.0","0.0","3.0","1.0","3.0","2.0","2.0","3.0","1.0","3.0","2.0","3.0","2.0","3.0","1.0","3.0","1.0","3.0","1.0","3.0","1.0","2.0","1.0","1.0","0.0","1.0","1.0","1.0","0.0","1.0","0.0","1.0","0.0","1.0","0.0","1.0","0.0","1.0","0.0","1.0","0.0","1.0","0.0","1.0","0.0","1.0","0.0","0.0","0.0","0.0","0.0","0.0","0.0","0.0","0.0","0.0","1.0","0.0","1.0","0.0","2.0","0.0","2.0","0.0","2.0","0.0","3.0","0.0","3.0","1.0","3.0","1.0"
"103","3.0","1.0","3.0","0.0","3.0","1.0","3.0","2.0","3.0","2.0","3.0","3.0","3.0","3.0","2.0","3.0","2.0","3.0","2.0","3.0","2.0","3.0","2.0","2.0","1.0","1.0","2.0","1.0","2.0","1.0","1.0","1.0","1.0","1.0","2.0","1.0","1.0","1.0","2.0","1.0","1.0","1.0","1.0","1.0","1.0","1.0","0.0","1.0","1.0","0.0","0.0","0.0","0.0","0.0","0.0","0.0","1.0","0.0","1.0","0.0","1.0","0.0","1.0","0.0","1.0","1.0","2.0","0.0","2.0","1.0","3.0","1.0","3.0","1.0","3.0","1.0","3.0","1.0"
"104","3.0","1.0","3.0","0.0","3.0","2.0","3.0","2.0","3.0","2.0","3.0","3.0","2.0","3.0","2.0","3.0","2.0","3.0","3.0","3.0","2.0","2.0","2.0","1.0","1.0","1.0","2.0","1.0","1.0","1.0","1.0","1.0","1.0","1.0","1.0","1.0","1.0","1.0","1.0","1.0","1.0","1.0","1.0","0.0","0.0","0.0","1.0","0.0","0.0","0.0","0.0","0.0","0.0","0.0","1.0","0.0","2.0","0.0","2.0","0.0","2.0","0.0","2.0","0.0","3.0","0.0","3.0","1.0","3.0","1.0","3.0","1.0","3.0","1.0","3.0","1.0","3.0","1.0"
"105","3.0","2.0","3.0","1.0","3.0","0.0","3.0","2.0","3.0","2.0","3.0","3.0","3.0","3.0","2.0","3.0","2.0","3.0","1.0","3.0","2.0","3.0","2.0","3.0","2.0","1.0","2.0","1.0","1.0","1.0","1.0","1.0","1.0","1.0","1.0","1.0","1.0","1.0","0.0","1.0","0.0","1.0","0.0","1.0","0.0","1.0","0.0","1.0","0.0","1.0","0.0","1.0","0.0","1.0","0.0","0.0","0.0","0.0","0.0","0.0","1.0","0.0","1.0","0.0","1.0","0.0","2.0","1.0","2.0","1.0","2.0","1.0","2.0","1.0","2.0","1.0","3.0","1.0"
"106","3.0","1.0","3.0","1.0","3.0","0.0","3.0","1.0","3.0","3.0","3.0","2.0","3.0","3.0","2.0","3.0","2.0","3.0","2.0","3.0","2.0","3.0","2.0","3.0","2.0","2.0","1.0","1.0","1.0","1.0","1.0","1.0","1.0","1.0","1.0","1.0","1.0","1.0","1.0","1.0","0.0","1.0","0.0","1.0","0.0","1.0","0.0","1.0","0.0","0.0","0.0","0.0","0.0","0.0","0.0","0.0","0.0","0.0","1.0","0.0","1.0","0.0","1.0","0.0","1.0","0.0","2.0","0.0","2.0","1.0","3.0","1.0","3.0","1.0","3.0","1.0","3.0","1.0"
"107","3.0","2.0","3.0","2.0","3.0","1.0","3.0","0.0","3.0","2.0","3.0","3.0","3.0","3.0","2.0","3.0","2.0","3.0","2.0","3.0","1.0","3.0","1.0","3.0","1.0","3.0","1.0","2.0","1.0","1.0","1.0","1.0","1.0","1.0","0.0","1.0","0.0","1.0","0.0","1.0","0.0","1.0","0.0","1.0","0.0","1.0","0.0","1.0","0.0","0.0","0.0","0.0","0.0","0.0","0.0","0.0","0.0","0.0","0.0","0.0","0.0","0.0","1.0","0.0","1.0","0.0","1.0","0.0","2.0","0.0","2.0","1.0","2.0","1.0","2.0","1.0","3.0","1.0"
"108","1.0","0.0","1.0","0.0","1.0","0.0","1.0","0.0","1.0","0.0","1.0","1.0","1.0","2.0","1.0","2.0","2.0","2.0","2.0","2.0","2.0","2.0","3.0","2.0","2.0","2.0","2.0","2.0","2.0","2.0","2.0","2.0","2.0","2.0","2.0","2.0","2.0","3.0","2.0","3.0","2.0","3.0","3.0","3.0","2.0","3.0","3.0","3.0","3.0","3.0","3.0","3.0","3.0","3.0","3.0","3.0","3.0","2.0","3.0","2.0","3.0","2.0","3.0","2.0","3.0","2.0","3.0","2.0","3.0","2.0","3.0","2.0","3.0","2.0","3.0","2.0","3.0","2.0"
"109","3.0","2.0","3.0","1.0","3.0","0.0","3.0","0.0","3.0","2.0","3.0","2.0","3.0","2.0","2.0","3.0","3.0","3.0","2.0","3.0","2.0","3.0","2.0","3.0","2.0","2.0","1.0","1.0","1.0","1.0","1.0","1.0","1.0","1.0","1.0","1.0","1.0","1.0","0.0","1.0","0.0","1.0","0.0","1.0","0.0","1.0","0.0","0.0","0.0","0.0","0.0","0.0","0.0","0.0","0.0","0.0","0.0","0.0","0.0","0.0","0.0","0.0","0.0","0.0","1.0","0.0","1.0","0.0","1.0","0.0","2.0","1.0","2.0","0.0","2.0","1.0","3.0","1.0"
"110","3.0","2.0","3.0","1.0","3.0","0.0","3.0","1.0","3.0","3.0","3.0","2.0","2.0","3.0","2.0","3.0","2.0","3.0","2.0","3.0","2.0","3.0","2.0","3.0","2.0","2.0","1.0","2.0","2.0","1.0","1.0","1.0","1.0","1.0","1.0","1.0","1.0","1.0","1.0","1.0","0.0","1.0","0.0","1.0","0.0","1.0","0.0","1.0","0.0","1.0","0.0","1.0","0.0","0.0","0.0","0.0","0.0","0.0","0.0","0.0","1.0","0.0","1.0","0.0","1.0","0.0","2.0","1.0","2.0","1.0","2.0","1.0","2.0","1.0","2.0","1.0","2.0","1.0"
"111","3.0","2.0","3.0","1.0","3.0","0.0","3.0","1.0","3.0","3.0","3.0","3.0","2.0","3.0","2.0","3.0","2.0","3.0","1.0","3.0","1.0","3.0","1.0","3.0","2.0","2.0","1.0","1.0","1.0","1.0","1.0","1.0","1.0","1.0","0.0","1.0","0.0","1.0","0.0","1.0","0.0","1.0","0.0","1.0","0.0","1.0","0.0","1.0","0.0","1.0","0.0","1.0","0.0","1.0","0.0","0.0","0.0","1.0","0.0","0.0","1.0","0.0","1.0","0.0","1.0","0.0","2.0","1.0","2.0","1.0","2.0","1.0","2.0","1.0","3.0","1.0","2.0","1.0"
"112","3.0","2.0","3.0","2.0","3.0","0.0","3.0","0.0","3.0","2.0","3.0","2.0","3.0","3.0","2.0","3.0","2.0","3.0","2.0","3.0","1.0","3.0","2.0","3.0","1.0","3.0","1.0","1.0","1.0","1.0","0.0","1.0","1.0","1.0","0.0","1.0","0.0","1.0","0.0","1.0","0.0","1.0","0.0","1.0","0.0","1.0","0.0","1.0","0.0","1.0","0.0","1.0","0.0","0.0","0.0","0.0","0.0","1.0","0.0","0.0","0.0","1.0","0.0","1.0","1.0","1.0","1.0","1.0","2.0","1.0","2.0","1.0","2.0","1.0","3.0","1.0","3.0","1.0"
"113","3.0","2.0","3.0","2.0","3.0","1.0","3.0","0.0","3.0","1.0","3.0","3.0","3.0","3.0","2.0","3.0","2.0","3.0","2.0","3.0","2.0","3.0","2.0","3.0","2.0","3.0","2.0","2.0","1.0","1.0","1.0","1.0","1.0","1.0","1.0","1.0","1.0","1.0","0.0","1.0","0.0","1.0","0.0","1.0","0.0","1.0","0.0","1.0","0.0","1.0","0.0","1.0","0.0","1.0","0.0","0.0","0.0","0.0","0.0","0.0","0.0","0.0","0.0","0.0","1.0","0.0","2.0","1.0","2.0","1.0","2.0","1.0","3.0","1.0","3.0","1.0","3.0","1.0"
"114","3.0","2.0","3.0","2.0","3.0","1.0","3.0","1.0","3.0","2.0","3.0","2.0","3.0","3.0","3.0","3.0","3.0","3.0","3.0","3.0","2.0","3.0","2.0","3.0","2.0","3.0","2.0","1.0","1.0","1.0","1.0","1.0","1.0","1.0","1.0","1.0","1.0","1.0","1.0","1.0","0.0","1.0","0.0","1.0","0.0","1.0","0.0","0.0","0.0","1.0","0.0","0.0","0.0","0.0","0.0","0.0","0.0","0.0","0.0","0.0","0.0","0.0","1.0","0.0","1.0","0.0","2.0","0.0","2.0","1.0","2.0","1.0","3.0","1.0","3.0","1.0","3.0","2.0"
"115","3.0","1.0","3.0","1.0","3.0","0.0","3.0","0.0","3.0","2.0","3.0","1.0","2.0","3.0","1.0","3.0","2.0","3.0","2.0","3.0","1.0","3.0","2.0","3.0","2.0","2.0","1.0","1.0","0.0","1.0","1.0","0.0","0.0","1.0","0.0","1.0","0.0","0.0","0.0","0.0","0.0","0.0","0.0","0.0","0.0","0.0","0.0","0.0","0.0","0.0","0.0","0.0","0.0","0.0","0.0","0.0","0.0","0.0","0.0","0.0","0.0","0.0","1.0","0.0","0.0","0.0","2.0","0.0","2.0","0.0","2.0","0.0","2.0","1.0","3.0","1.0","3.0","1.0"
"116","3.0","2.0","3.0","2.0","3.0","1.0","3.0","1.0","3.0","2.0","3.0","2.0","3.0","3.0","2.0","3.0","2.0","3.0","2.0","3.0","1.0","3.0","2.0","3.0","1.0","2.0","1.0","1.0","0.0","1.0","0.0","1.0","0.0","1.0","0.0","1.0","0.0","1.0","0.0","1.0","0.0","1.0","0.0","1.0","0.0","1.0","0.0","1.0","0.0","1.0","0.0","0.0","0.0","0.0","0.0","0.0","0.0","0.0","0.0","0.0","0.0","0.0","1.0","0.0","1.0","0.0","2.0","0.0","2.0","1.0","3.0","1.0","3.0","1.0","3.0","1.0","3.0","1.0"
"117","3.0","2.0","3.0","0.0","3.0","0.0","3.0","1.0","3.0","3.0","2.0","1.0","1.0","2.0","1.0","2.0","1.0","2.0","0.0","2.0","0.0","2.0","0.0","2.0","0.0","2.0","1.0","2.0","0.0","2.0","0.0","2.0","0.0","2.0","0.0","2.0","0.0","2.0","0.0","2.0","0.0","2.0","0.0","2.0","0.0","2.0","0.0","1.0","0.0","1.0","0.0","1.0","0.0","1.0","0.0","1.0","0.0","2.0","1.0","1.0","1.0","2.0","1.0","2.0","2.0","2.0","2.0","2.0","2.0","2.0","2.0","2.0","3.0","2.0","2.0","2.0","2.0","2.0"
"118","1.0","3.0","1.0","3.0","0.0","3.0","0.0","3.0","1.0","3.0","1.0","2.0","1.0","2.0","0.0","2.0","1.0","2.0","1.0","2.0","1.0","2.0","0.0","2.0","0.0","2.0","0.0","2.0","0.0","1.0","0.0","1.0","0.0","1.0","0.0","1.0","0.0","1.0","0.0","1.0","0.0","1.0","0.0","1.0","0.0","1.0","1.0","0.0","1.0","1.0","2.0","1.0","2.0","1.0","2.0","1.0","2.0","2.0","3.0","2.0","3.0","2.0","3.0","2.0","3.0","2.0","3.0","2.0","3.0","3.0","3.0","2.0","3.0","3.0","3.0","2.0","2.0","3.0"
"119","1.0","3.0","1.0","3.0","1.0","3.0","1.0","3.0","1.0","2.0","1.0","1.0","1.0","1.0","0.0","1.0","1.0","1.0","0.0","1.0","0.0","1.0","0.0","1.0","0.0","1.0","0.0","1.0","0.0","1.0","0.0","1.0","0.0","1.0","0.0","0.0","0.0","0.0","0.0","0.0","0.0","0.0","0.0","0.0","1.0","0.0","0.0","0.0","1.0","0.0","2.0","0.0","2.0","0.0","3.0","0.0","3.0","1.0","3.0","1.0","3.0","1.0","3.0","1.0","3.0","1.0","3.0","1.0","3.0","1.0","3.0","1.0","3.0","1.0","3.0","1.0","3.0","1.0"
"120","2.0","3.0","1.0","3.0","0.0","2.0","1.0","1.0","1.0","2.0","1.0","1.0","0.0","2.0","0.0","2.0","0.0","2.0","0.0","2.0","0.0","2.0","0.0","2.0","0.0","2.0","0.0","2.0","0.0","2.0","0.0","1.0","0.0","1.0","0.0","1.0","0.0","1.0","0.0","1.0","0.0","1.0","0.0","0.0","0.0","1.0","1.0","1.0","2.0","1.0","2.0","1.0","2.0","1.0","2.0","1.0","3.0","1.0","2.0","2.0","2.0","2.0","2.0","2.0","2.0","2.0","3.0","2.0","2.0","2.0","2.0","2.0","2.0","2.0","2.0","2.0","2.0","1.0"
"121","3.0","2.0","3.0","2.0","3.0","0.0","3.0","1.0","3.0","3.0","3.0","2.0","2.0","3.0","3.0","3.0","3.0","3.0","2.0","3.0","2.0","3.0","2.0","3.0","2.0","2.0","1.0","1.0","1.0","1.0","1.0","1.0","1.0","1.0","1.0","1.0","1.0","1.0","0.0","1.0","0.0","1.0","0.0","1.0","0.0","1.0","0.0","1.0","0.0","0.0","0.0","0.0","0.0","0.0","0.0","0.0","0.0","0.0","0.0","0.0","0.0","0.0","0.0","0.0","1.0","0.0","1.0","0.0","2.0","1.0","2.0","1.0","2.0","1.0","3.0","1.0","3.0","1.0"
"122","3.0","1.0","3.0","0.0","3.0","0.0","3.0","2.0","3.0","2.0","2.0","3.0","1.0","3.0","2.0","3.0","1.0","3.0","1.0","3.0","1.0","3.0","1.0","3.0","1.0","1.0","1.0","1.0","0.0","1.0","0.0","1.0","1.0","1.0","0.0","1.0","0.0","1.0","0.0","1.0","0.0","1.0","0.0","1.0","0.0","0.0","0.0","0.0","0.0","0.0","0.0","0.0","0.0","0.0","0.0","0.0","0.0","0.0","0.0","0.0","0.0","0.0","1.0","0.0","1.0","0.0","1.0","0.0","2.0","0.0","2.0","0.0","2.0","0.0","2.0","1.0","3.0","1.0"
"123","3.0","3.0","3.0","3.0","3.0","3.0","3.0","3.0","3.0","3.0","2.0","1.0","1.0","1.0","1.0","1.0","1.0","1.0","1.0","1.0","1.0","1.0","1.0","1.0","1.0","1.0","1.0","1.0","0.0","1.0","0.0","1.0","0.0","1.0","0.0","1.0","0.0","1.0","0.0","1.0","0.0","1.0","0.0","1.0","0.0","0.0","0.0","0.0","0.0","0.0","1.0","0.0","1.0","0.0","2.0","0.0","2.0","0.0","3.0","0.0","3.0","0.0","3.0","1.0","3.0","1.0","3.0","1.0","3.0","1.0","3.0","1.0","3.0","1.0","3.0","1.0","3.0","1.0"
"124","3.0","3.0","3.0","3.0","3.0","3.0","3.0","3.0","3.0","3.0","2.0","2.0","1.0","1.0","1.0","1.0","1.0","1.0","1.0","1.0","0.0","1.0","1.0","1.0","0.0","1.0","0.0","1.0","0.0","1.0","0.0","1.0","0.0","1.0","0.0","1.0","0.0","1.0","0.0","1.0","0.0","1.0","0.0","1.0","0.0","0.0","0.0","0.0","0.0","0.0","0.0","0.0","1.0","0.0","1.0","0.0","2.0","0.0","2.0","1.0","3.0","1.0","3.0","1.0","3.0","1.0","3.0","1.0","3.0","1.0","3.0","2.0","3.0","2.0","3.0","2.0","3.0","2.0"
"125","3.0","3.0","3.0","3.0","3.0","3.0","3.0","3.0","2.0","3.0","1.0","2.0","2.0","1.0","1.0","1.0","1.0","1.0","1.0","1.0","0.0","1.0","0.0","1.0","1.0","1.0","0.0","1.0","0.0","1.0","0.0","1.0","0.0","1.0","0.0","1.0","0.0","1.0","0.0","1.0","0.0","1.0","0.0","0.0","0.0","0.0","0.0","0.0","0.0","0.0","0.0","0.0","0.0","0.0","1.0","0.0","1.0","0.0","2.0","0.0","2.0","1.0","3.0","1.0","3.0","1.0","3.0","1.0","3.0","1.0","3.0","1.0","3.0","2.0","3.0","1.0","3.0","2.0"
"126","3.0","3.0","3.0","3.0","3.0","3.0","3.0","3.0","3.0","3.0","3.0","1.0","2.0","2.0","2.0","1.0","2.0","1.0","2.0","1.0","1.0","1.0","1.0","1.0","1.0","1.0","1.0","1.0","1.0","1.0","1.0","1.0","1.0","1.0","1.0","1.0","0.0","1.0","0.0","1.0","0.0","0.0","0.0","1.0","0.0","1.0","0.0","0.0","0.0","0.0","0.0","0.0","0.0","1.0","0.0","0.0","1.0","0.0","1.0","0.0","2.0","1.0","2.0","1.0","2.0","1.0","3.0","1.0","3.0","1.0","3.0","1.0","3.0","1.0","3.0","1.0","3.0","1.0"
"127","3.0","3.0","3.0","3.0","3.0","3.0","3.0","3.0","3.0","3.0","2.0","2.0","1.0","1.0","1.0","1.0","0.0","1.0","0.0","1.0","0.0","1.0","0.0","1.0","0.0","1.0","0.0","1.0","0.0","1.0","0.0","1.0","0.0","1.0","0.0","1.0","0.0","1.0","0.0","1.0","0.0","1.0","0.0","1.0","0.0","0.0","0.0","1.0","0.0","0.0","0.0","0.0","0.0","0.0","0.0","0.0","1.0","0.0","1.0","0.0","2.0","1.0","2.0","1.0","2.0","1.0","3.0","1.0","3.0","1.0","3.0","1.0","3.0","1.0","3.0","2.0","3.0","2.0"
"128","2.0","1.0","3.0","0.0","3.0","0.0","3.0","1.0","3.0","2.0","1.0","3.0","2.0","3.0","3.0","3.0","3.0","3.0","3.0","3.0","2.0","3.0","2.0","3.0","1.0","2.0","1.0","1.0","1.0","1.0","1.0","1.0","1.0","1.0","1.0","1.0","1.0","1.0","0.0","1.0","0.0","1.0","0.0","1.0","0.0","1.0","0.0","1.0","0.0","1.0","0.0","1.0","0.0","1.0","0.0","1.0","0.0","1.0","0.0","1.0","0.0","1.0","0.0","1.0","0.0","1.0","0.0","1.0","1.0","1.0","1.0","0.0","1.0","0.0","1.0","0.0","1.0","0.0"
"129","3.0","1.0","3.0","0.0","3.0","0.0","3.0","2.0","3.0","2.0","2.0","3.0","3.0","3.0","3.0","3.0","3.0","3.0","3.0","3.0","3.0","3.0","1.0","2.0","1.0","2.0","1.0","1.0","1.0","1.0","0.0","1.0","0.0","1.0","0.0","1.0","0.0","1.0","0.0","1.0","0.0","1.0","0.0","1.0","0.0","1.0","0.0","1.0","0.0","1.0","0.0","1.0","0.0","1.0","0.0","1.0","0.0","1.0","0.0","1.0","0.0","1.0","0.0","1.0","0.0","1.0","1.0","0.0","1.0","0.0","1.0","0.0","2.0","0.0","2.0","0.0","2.0","0.0"
"130","3.0","1.0","3.0","0.0","3.0","0.0","3.0","2.0","3.0","2.0","2.0","3.0","3.0","3.0","3.0","3.0","3.0","3.0","3.0","3.0","3.0","3.0","3.0","2.0","2.0","2.0","2.0","1.0","2.0","1.0","1.0","1.0","1.0","1.0","1.0","1.0","1.0","1.0","1.0","1.0","1.0","1.0","1.0","1.0","1.0","1.0","1.0","1.0","1.0","1.0","1.0","1.0","0.0","1.0","0.0","1.0","0.0","1.0","0.0","1.0","0.0","1.0","0.0","1.0","0.0","1.0","0.0","1.0","0.0","0.0","0.0","0.0","1.0","0.0","1.0","0.0","1.0","1.0"
"131","3.0","3.0","3.0","3.0","3.0","3.0","3.0","3.0","3.0","3.0","3.0","2.0","2.0","2.0","1.0","1.0","1.0","1.0","1.0","1.0","1.0","1.0","1.0","1.0","0.0","1.0","0.0","1.0","0.0","1.0","0.0","1.0","0.0","1.0","0.0","1.0","0.0","1.0","0.0","1.0","0.0","1.0","0.0","1.0","0.0","1.0","0.0","1.0","0.0","1.0","0.0","1.0","0.0","1.0","1.0","1.0","1.0","1.0","2.0","1.0","2.0","1.0","2.0","1.0","2.0","1.0","3.0","1.0","2.0","1.0","3.0","1.0","3.0","1.0","3.0","1.0","3.0","1.0"
"132","3.0","3.0","3.0","3.0","3.0","3.0","3.0","3.0","2.0","2.0","1.0","1.0","1.0","1.0","0.0","1.0","0.0","1.0","1.0","1.0","0.0","1.0","0.0","1.0","0.0","1.0","0.0","1.0","0.0","1.0","0.0","1.0","0.0","1.0","0.0","1.0","0.0","1.0","0.0","1.0","0.0","1.0","0.0","1.0","0.0","1.0","0.0","1.0","0.0","0.0","0.0","1.0","0.0","0.0","1.0","0.0","1.0","1.0","1.0","1.0","2.0","1.0","2.0","1.0","2.0","1.0","2.0","1.0","3.0","1.0","3.0","1.0","3.0","2.0","3.0","2.0","3.0","2.0"
"133","3.0","2.0","3.0","1.0","3.0","0.0","3.0","0.0","3.0","1.0","3.0","2.0","2.0","3.0","3.0","3.0","3.0","3.0","3.0","3.0","3.0","3.0","3.0","3.0","3.0","3.0","2.0","2.0","2.0","1.0","2.0","1.0","2.0","2.0","1.0","1.0","1.0","1.0","1.0","1.0","1.0","1.0","1.0","1.0","2.0","1.0","1.0","1.0","1.0","1.0","1.0","1.0","1.0","1.0","1.0","1.0","1.0","1.0","0.0","1.0","1.0","1.0","1.0","1.0","1.0","0.0","1.0","0.0","1.0","1.0","2.0","0.0","2.0","1.0","2.0","1.0","2.0","1.0"
"134","3.0","0.0","3.0","1.0","3.0","3.0","3.0","2.0","2.0","3.0","2.0","3.0","2.0","3.0","2.0","3.0","2.0","3.0","2.0","3.0","1.0","2.0","1.0","1.0","1.0","1.0","0.0","1.0","1.0","1.0","0.0","1.0","0.0","1.0","0.0","1.0","0.0","1.0","0.0","1.0","0.0","1.0","0.0","1.0","0.0","1.0","0.0","1.0","0.0","1.0","0.0","0.0","0.0","0.0","0.0","0.0","0.0","0.0","0.0","0.0","0.0","0.0","0.0","0.0","1.0","0.0","1.0","0.0","1.0","1.0","2.0","1.0","2.0","1.0","2.0","1.0","2.0","1.0"
"135","3.0","1.0","3.0","0.0","3.0","2.0","3.0","2.0","3.0","3.0","2.0","3.0","2.0","3.0","2.0","3.0","1.0","3.0","2.0","3.0","2.0","3.0","1.0","2.0","0.0","1.0","0.0","1.0","0.0","1.0","0.0","1.0","0.0","1.0","0.0","1.0","0.0","1.0","0.0","1.0","0.0","1.0","0.0","1.0","0.0","1.0","0.0","1.0","0.0","1.0","0.0","0.0","0.0","0.0","0.0","0.0","0.0","0.0","0.0","0.0","0.0","0.0","1.0","0.0","1.0","0.0","2.0","1.0","2.0","1.0","3.0","1.0","3.0","1.0","3.0","1.0","3.0","2.0"
"136","3.0","0.0","3.0","0.0","3.0","2.0","2.0","2.0","1.0","3.0","1.0","3.0","1.0","3.0","1.0","3.0","1.0","3.0","1.0","3.0","1.0","2.0","0.0","1.0","0.0","1.0","0.0","1.0","0.0","1.0","0.0","1.0","0.0","1.0","0.0","1.0","0.0","1.0","0.0","1.0","0.0","1.0","0.0","1.0","0.0","1.0","0.0","0.0","0.0","0.0","0.0","0.0","0.0","0.0","0.0","0.0","0.0","0.0","0.0","0.0","0.0","0.0","0.0","0.0","0.0","0.0","1.0","1.0","1.0","1.0","2.0","1.0","2.0","1.0","2.0","1.0","2.0","1.0"
"137","3.0","2.0","3.0","1.0","3.0","0.0","3.0","1.0","3.0","2.0","3.0","2.0","2.0","3.0","2.0","3.0","2.0","3.0","1.0","3.0","2.0","3.0","2.0","3.0","1.0","2.0","1.0","1.0","0.0","1.0","0.0","1.0","0.0","1.0","0.0","1.0","0.0","1.0","0.0","1.0","0.0","1.0","0.0","1.0","0.0","1.0","0.0","1.0","0.0","1.0","0.0","0.0","0.0","0.0","0.0","0.0","0.0","0.0","0.0","0.0","0.0","0.0","0.0","0.0","1.0","0.0","2.0","1.0","2.0","1.0","2.0","1.0","2.0","1.0","3.0","1.0","3.0","2.0"
"138","1.0","3.0","1.0","3.0","1.0","3.0","1.0","3.0","1.0","2.0","0.0","1.0","0.0","1.0","0.0","1.0","0.0","1.0","0.0","1.0","0.0","1.0","0.0","1.0","0.0","1.0","0.0","1.0","0.0","1.0","0.0","1.0","0.0","0.0","0.0","0.0","0.0","0.0","0.0","0.0","0.0","0.0","0.0","0.0","0.0","0.0","1.0","0.0","2.0","0.0","2.0","0.0","2.0","0.0","2.0","1.0","3.0","1.0","3.0","1.0","3.0","1.0","3.0","1.0","3.0","2.0","3.0","2.0","3.0","2.0","3.0","2.0","3.0","2.0","3.0","2.0","3.0","2.0"
"139","3.0","2.0","3.0","2.0","3.0","1.0","3.0","0.0","3.0","2.0","3.0","2.0","3.0","3.0","2.0","3.0","2.0","3.0","2.0","3.0","2.0","3.0","2.0","3.0","1.0","2.0","1.0","1.0","1.0","1.0","1.0","1.0","1.0","1.0","1.0","1.0","0.0","1.0","0.0","1.0","0.0","1.0","0.0","1.0","0.0","1.0","0.0","1.0","0.0","1.0","0.0","1.0","0.0","1.0","0.0","1.0","0.0","1.0","0.0","1.0","0.0","0.0","0.0","1.0","1.0","0.0","1.0","1.0","1.0","1.0","2.0","1.0","2.0","1.0","2.0","1.0","2.0","1.0"
"140","3.0","1.0","3.0","0.0","3.0","1.0","3.0","2.0","3.0","2.0","2.0","3.0","2.0","3.0","3.0","3.0","2.0","3.0","2.0","3.0","2.0","3.0","1.0","1.0","1.0","1.0","1.0","1.0","0.0","1.0","1.0","1.0","1.0","1.0","0.0","1.0","0.0","1.0","0.0","1.0","0.0","1.0","0.0","1.0","0.0","1.0","0.0","1.0","0.0","1.0","0.0","1.0","0.0","0.0","0.0","0.0","0.0","0.0","0.0","0.0","1.0","0.0","1.0","0.0","1.0","0.0","2.0","0.0","2.0","1.0","3.0","1.0","3.0","1.0","3.0","1.0","3.0","1.0"
"141","3.0","2.0","3.0","1.0","3.0","0.0","3.0","0.0","3.0","2.0","3.0","2.0","2.0","3.0","2.0","3.0","3.0","3.0","2.0","3.0","2.0","3.0","2.0","3.0","2.0","2.0","1.0","1.0","1.0","1.0","1.0","1.0","1.0","1.0","1.0","1.0","1.0","1.0","1.0","1.0","1.0","1.0","0.0","1.0","0.0","1.0","0.0","1.0","0.0","1.0","0.0","0.0","0.0","1.0","0.0","0.0","0.0","0.0","0.0","0.0","0.0","0.0","0.0","0.0","0.0","0.0","1.0","0.0","2.0","0.0","2.0","1.0","2.0","1.0","3.0","1.0","3.0","1.0"
"142","3.0","2.0","3.0","2.0","3.0","0.0","3.0","0.0","3.0","2.0","3.0","2.0","2.0","3.0","2.0","3.0","2.0","3.0","2.0","3.0","2.0","3.0","2.0","3.0","1.0","2.0","1.0","2.0","1.0","1.0","0.0","1.0","0.0","1.0","0.0","1.0","0.0","1.0","0.0","1.0","0.0","1.0","0.0","1.0","0.0","1.0","0.0","1.0","0.0","1.0","0.0","1.0","0.0","1.0","0.0","1.0","0.0","1.0","0.0","0.0","0.0","0.0","0.0","0.0","0.0","0.0","0.0","0.0","1.0","1.0","1.0","1.0","2.0","1.0","2.0","1.0","2.0","1.0"
"143","3.0","2.0","3.0","2.0","3.0","1.0","3.0","0.0","3.0","1.0","3.0","2.0","3.0","2.0","2.0","3.0","2.0","3.0","3.0","3.0","2.0","3.0","2.0","3.0","2.0","3.0","2.0","1.0","0.0","1.0","1.0","1.0","1.0","1.0","0.0","1.0","1.0","1.0","0.0","1.0","0.0","1.0","0.0","1.0","0.0","1.0","0.0","1.0","0.0","1.0","0.0","1.0","0.0","1.0","0.0","0.0","0.0","0.0","0.0","0.0","0.0","0.0","0.0","0.0","0.0","0.0","0.0","0.0","1.0","0.0","1.0","0.0","2.0","0.0","2.0","1.0","2.0","1.0"
"144","3.0","2.0","3.0","2.0","3.0","0.0","3.0","0.0","3.0","1.0","3.0","2.0","2.0","2.0","2.0","3.0","2.0","3.0","2.0","3.0","1.0","3.0","2.0","3.0","1.0","3.0","1.0","2.0","0.0","1.0","1.0","1.0","0.0","1.0","1.0","1.0","0.0","1.0","0.0","1.0","0.0","1.0","0.0","1.0","0.0","1.0","0.0","1.0","0.0","1.0","0.0","1.0","0.0","1.0","0.0","1.0","0.0","1.0","0.0","1.0","0.0","1.0","0.0","0.0","0.0","0.0","0.0","0.0","0.0","0.0","1.0","1.0","1.0","0.0","2.0","0.0","2.0","1.0"
"145","3.0","2.0","3.0","1.0","3.0","0.0","3.0","1.0","3.0","2.0","3.0","2.0","2.0","3.0","2.0","3.0","2.0","3.0","1.0","3.0","1.0","3.0","2.0","3.0","1.0","2.0","1.0","1.0","1.0","1.0","1.0","1.0","1.0","1.0","0.0","1.0","0.0","1.0","0.0","1.0","0.0","1.0","0.0","1.0","0.0","1.0","0.0","1.0","0.0","1.0","0.0","1.0","0.0","1.0","0.0","1.0","0.0","0.0","0.0","1.0","0.0","0.0","0.0","0.0","0.0","0.0","0.0","0.0","1.0","0.0","2.0","0.0","2.0","1.0","2.0","1.0","3.0","1.0"
"146","3.0","1.0","3.0","0.0","3.0","1.0","3.0","3.0","3.0","2.0","3.0","3.0","3.0","3.0","3.0","3.0","3.0","3.0","3.0","3.0","3.0","3.0","3.0","1.0","2.0","1.0","1.0","1.0","1.0","1.0","1.0","1.0","1.0","1.0","1.0","1.0","0.0","1.0","0.0","1.0","0.0","1.0","0.0","1.0","0.0","1.0","0.0","1.0","0.0","1.0","0.0","0.0","0.0","0.0","0.0","0.0","0.0","0.0","0.0","0.0","0.0","0.0","0.0","0.0","1.0","0.0","2.0","0.0","2.0","0.0","3.0","1.0","3.0","1.0","3.0","1.0","3.0","1.0"
"147","3.0","1.0","3.0","0.0","3.0","0.0","3.0","2.0","3.0","2.0","2.0","3.0","3.0","3.0","3.0","3.0","3.0","3.0","3.0","3.0","3.0","3.0","2.0","2.0","1.0","1.0","1.0","1.0","1.0","1.0","1.0","1.0","1.0","1.0","0.0","1.0","0.0","1.0","0.0","1.0","0.0","1.0","0.0","1.0","0.0","1.0","0.0","1.0","0.0","1.0","0.0","1.0","0.0","1.0","0.0","1.0","0.0","1.0","0.0","0.0","0.0","0.0","0.0","0.0","0.0","0.0","0.0","0.0","0.0","1.0","1.0","1.0","1.0","1.0","2.0","1.0","2.0","1.0"
"148","2.0","3.0","2.0","3.0","3.0","3.0","2.0","3.0","2.0","3.0","1.0","2.0","1.0","1.0","1.0","1.0","1.0","1.0","1.0","1.0","1.0","1.0","1.0","1.0","0.0","1.0","0.0","1.0","1.0","1.0","0.0","1.0","0.0","1.0","0.0","1.0","0.0","1.0","0.0","1.0","0.0","1.0","0.0","1.0","0.0","1.0","0.0","1.0","0.0","0.0","0.0","0.0","0.0","0.0","0.0","0.0","0.0","0.0","1.0","0.0","1.0","1.0","2.0","1.0","2.0","1.0","2.0","1.0","2.0","1.0","3.0","1.0","3.0","1.0","3.0","2.0","3.0","2.0"
"149","3.0","0.0","3.0","0.0","3.0","0.0","3.0","2.0","3.0","2.0","3.0","3.0","3.0","3.0","3.0","3.0","3.0","3.0","3.0","3.0","3.0","3.0","3.0","2.0","2.0","2.0","2.0","1.0","2.0","1.0","2.0","1.0","2.0","1.0","2.0","1.0","1.0","1.0","1.0","1.0","1.0","1.0","1.0","1.0","1.0","1.0","1.0","1.0","0.0","1.0","0.0","1.0","0.0","1.0","0.0","1.0","0.0","1.0","0.0","1.0","0.0","1.0","0.0","1.0","0.0","1.0","0.0","0.0","0.0","0.0","0.0","0.0","1.0","0.0","1.0","1.0","2.0","1.0"
"150","2.0","3.0","2.0","3.0","2.0","3.0","2.0","3.0","2.0","3.0","1.0","2.0","3.0","2.0","1.0","2.0","1.0","1.0","1.0","1.0","2.0","1.0","1.0","1.0","2.0","2.0","1.0","1.0","1.0","2.0","0.0","1.0","1.0","1.0","0.0","1.0","0.0","1.0","1.0","1.0","0.0","1.0","0.0","1.0","0.0","1.0","0.0","1.0","0.0","1.0","0.0","1.0","0.0","0.0","0.0","1.0","0.0","0.0","0.0","0.0","0.0","0.0","1.0","1.0","2.0","1.0","2.0","1.0","2.0","1.0","2.0","1.0","3.0","1.0","3.0","1.0","3.0","1.0"
"151","3.0","0.0","3.0","0.0","3.0","0.0","3.0","2.0","3.0","2.0","2.0","3.0","3.0","3.0","3.0","3.0","3.0","3.0","3.0","3.0","3.0","3.0","2.0","2.0","2.0","2.0","2.0","2.0","1.0","2.0","2.0","2.0","1.0","1.0","1.0","1.0","2.0","2.0","1.0","1.0","1.0","1.0","1.0","1.0","1.0","1.0","1.0","1.0","1.0","1.0","0.0","1.0","0.0","1.0","1.0","1.0","0.0","1.0","0.0","1.0","0.0","1.0","0.0","1.0","0.0","1.0","1.0","1.0","0.0","0.0","0.0","0.0","1.0","1.0","1.0","0.0","2.0","1.0"
"152","3.0","2.0","3.0","1.0","3.0","0.0","3.0","0.0","3.0","2.0","3.0","2.0","2.0","3.0","3.0","3.0","3.0","3.0","3.0","3.0","3.0","3.0","3.0","3.0","3.0","3.0","2.0","2.0","2.0","2.0","2.0","2.0","2.0","2.0","2.0","1.0","2.0","2.0","2.0","2.0","2.0","1.0","1.0","1.0","1.0","1.0","1.0","1.0","1.0","1.0","1.0","1.0","1.0","1.0","1.0","1.0","1.0","1.0","0.0","1.0","0.0","1.0","0.0","1.0","0.0","1.0","0.0","1.0","0.0","0.0","0.0","0.0","1.0","0.0","1.0","0.0","1.0","0.0"
"153","3.0","1.0","3.0","0.0","3.0","0.0","3.0","0.0","3.0","2.0","2.0","3.0","2.0","3.0","3.0","3.0","3.0","3.0","3.0","3.0","3.0","3.0","2.0","3.0","2.0","2.0","2.0","2.0","2.0","2.0","2.0","2.0","2.0","2.0","2.0","2.0","2.0","1.0","2.0","2.0","1.0","1.0","1.0","1.0","1.0","1.0","1.0","1.0","1.0","1.0","1.0","1.0","1.0","1.0","1.0","1.0","0.0","1.0","0.0","1.0","0.0","1.0","0.0","1.0","0.0","1.0","0.0","1.0","0.0","0.0","1.0","0.0","1.0","0.0","2.0","0.0","2.0","0.0"
"154","3.0","1.0","3.0","0.0","3.0","0.0","3.0","1.0","3.0","2.0","2.0","3.0","3.0","3.0","3.0","3.0","3.0","3.0","3.0","3.0","3.0","3.0","3.0","2.0","2.0","2.0","2.0","2.0","1.0","1.0","1.0","2.0","1.0","2.0","1.0","1.0","1.0","2.0","1.0","2.0","1.0","1.0","1.0","2.0","1.0","1.0","1.0","2.0","1.0","1.0","1.0","1.0","0.0","1.0","0.0","1.0","0.0","1.0","0.0","1.0","0.0","1.0","0.0","1.0","0.0","1.0","0.0","1.0","0.0","1.0","0.0","1.0","1.0","1.0","1.0","1.0","1.0","1.0"
"155","3.0","0.0","3.0","0.0","3.0","1.0","3.0","2.0","3.0","2.0","3.0","3.0","3.0","3.0","3.0","3.0","3.0","3.0","3.0","3.0","3.0","3.0","3.0","2.0","2.0","2.0","2.0","2.0","2.0","2.0","2.0","2.0","2.0","1.0","2.0","2.0","1.0","2.0","1.0","2.0","1.0","2.0","1.0","2.0","1.0","2.0","1.0","2.0","1.0","2.0","1.0","2.0","0.0","1.0","0.0","1.0","0.0","1.0","0.0","1.0","0.0","1.0","0.0","1.0","0.0","1.0","0.0","1.0","0.0","1.0","0.0","1.0","1.0","1.0","1.0","1.0","1.0","1.0"
"156","3.0","1.0","3.0","0.0","3.0","0.0","3.0","0.0","3.0","2.0","3.0","2.0","2.0","3.0","3.0","3.0","3.0","3.0","3.0","3.0","3.0","3.0","3.0","3.0","2.0","1.0","2.0","2.0","2.0","1.0","2.0","1.0","2.0","1.0","2.0","1.0","1.0","1.0","1.0","1.0","1.0","1.0","1.0","1.0","1.0","1.0","1.0","1.0","1.0","1.0","1.0","1.0","1.0","1.0","0.0","1.0","0.0","1.0","0.0","1.0","0.0","1.0","0.0","0.0","0.0","1.0","0.0","0.0","0.0","0.0","0.0","0.0","0.0","0.0","1.0","0.0","1.0","0.0"
"157","3.0","0.0","3.0","0.0","3.0","0.0","3.0","1.0","2.0","2.0","1.0","3.0","2.0","3.0","3.0","3.0","3.0","3.0","3.0","3.0","3.0","3.0","2.0","2.0","1.0","2.0","1.0","2.0","1.0","1.0","1.0","2.0","1.0","1.0","1.0","1.0","1.0","1.0","1.0","1.0","0.0","1.0","0.0","1.0","0.0","1.0","0.0","1.0","0.0","1.0","0.0","1.0","0.0","1.0","0.0","1.0","0.0","1.0","0.0","1.0","0.0","1.0","0.0","1.0","0.0","1.0","0.0","0.0","0.0","0.0","0.0","0.0","0.0","0.0","0.0","0.0","1.0","0.0"
"158","3.0","0.0","3.0","0.0","3.0","0.0","3.0","2.0","3.0","3.0","2.0","3.0","3.0","3.0","3.0","3.0","3.0","3.0","2.0","3.0","2.0","3.0","1.0","2.0","1.0","2.0","1.0","1.0","1.0","2.0","1.0","1.0","1.0","2.0","1.0","1.0","1.0","1.0","1.0","1.0","1.0","1.0","1.0","1.0","1.0","1.0","1.0","1.0","0.0","1.0","0.0","1.0","0.0","1.0","0.0","1.0","0.0","1.0","0.0","1.0","0.0","1.0","0.0","1.0","0.0","1.0","0.0","0.0","0.0","0.0","0.0","0.0","0.0","0.0","1.0","0.0","1.0","0.0"
"159","3.0","0.0","3.0","0.0","3.0","1.0","3.0","3.0","3.0","2.0","3.0","3.0","3.0","3.0","3.0","3.0","3.0","3.0","3.0","3.0","3.0","3.0","2.0","2.0","2.0","2.0","2.0","2.0","2.0","1.0","1.0","2.0","1.0","1.0","1.0","2.0","1.0","1.0","1.0","1.0","1.0","2.0","1.0","1.0","1.0","2.0","1.0","1.0","1.0","2.0","1.0","1.0","1.0","1.0","0.0","1.0","0.0","1.0","0.0","1.0","0.0","1.0","0.0","2.0","0.0","1.0","0.0","1.0","0.0","1.0","0.0","0.0","0.0","1.0","1.0","1.0","1.0","1.0"
"160","3.0","0.0","3.0","0.0","3.0","0.0","3.0","2.0","3.0","2.0","2.0","3.0","3.0","3.0","3.0","3.0","3.0","3.0","2.0","3.0","2.0","3.0","2.0","2.0","1.0","2.0","1.0","2.0","1.0","1.0","1.0","1.0","1.0","1.0","1.0","1.0","1.0","1.0","1.0","1.0","1.0","1.0","1.0","1.0","1.0","1.0","1.0","1.0","1.0","1.0","0.0","1.0","0.0","1.0","0.0","1.0","0.0","1.0","0.0","1.0","0.0","1.0","0.0","1.0","0.0","1.0","0.0","0.0","0.0","0.0","0.0","0.0","0.0","0.0","1.0","0.0","1.0","0.0"
"161","2.0","2.0","3.0","1.0","3.0","0.0","3.0","0.0","3.0","1.0","2.0","2.0","1.0","3.0","2.0","3.0","2.0","3.0","2.0","3.0","2.0","3.0","2.0","3.0","2.0","3.0","1.0","2.0","1.0","2.0","1.0","2.0","1.0","1.0","1.0","1.0","1.0","2.0","1.0","2.0","1.0","1.0","1.0","1.0","0.0","1.0","0.0","1.0","0.0","1.0","0.0","1.0","0.0","1.0","0.0","1.0","0.0","1.0","0.0","1.0","0.0","1.0","0.0","1.0","0.0","1.0","0.0","1.0","0.0","1.0","0.0","1.0","0.0","0.0","0.0","1.0","1.0","1.0"
"162","3.0","1.0","3.0","0.0","3.0","0.0","3.0","0.0","3.0","2.0","3.0","2.0","3.0","3.0","3.0","3.0","3.0","3.0","3.0","3.0","3.0","3.0","3.0","3.0","3.0","2.0","2.0","2.0","2.0","2.0","2.0","2.0","2.0","2.0","2.0","1.0","2.0","1.0","2.0","2.0","2.0","2.0","1.0","1.0","1.0","2.0","1.0","1.0","1.0","1.0","1.0","1.0","1.0","1.0","1.0","1.0","1.0","1.0","1.0","1.0","1.0","1.0","1.0","1.0","0.0","1.0","1.0","1.0","1.0","1.0","1.0","1.0","1.0","1.0","1.0","1.0","1.0","1.0"
"163","3.0","2.0","3.0","1.0","3.0","0.0","3.0","0.0","3.0","1.0","3.0","2.0","2.0","3.0","2.0","3.0","3.0","3.0","3.0","3.0","3.0","3.0","3.0","3.0","2.0","3.0","1.0","2.0","1.0","1.0","1.0","2.0","1.0","1.0","1.0","1.0","1.0","2.0","1.0","1.0","1.0","1.0","1.0","1.0","1.0","1.0","1.0","1.0","1.0","1.0","1.0","1.0","1.0","1.0","0.0","1.0","0.0","1.0","0.0","1.0","0.0","1.0","0.0","1.0","0.0","1.0","0.0","1.0","0.0","1.0","0.0","1.0","0.0","0.0","1.0","1.0","1.0","1.0"
"164","3.0","2.0","3.0","1.0","3.0","0.0","3.0","0.0","3.0","0.0","3.0","2.0","3.0","3.0","2.0","3.0","3.0","3.0","3.0","3.0","3.0","3.0","3.0","3.0","3.0","3.0","2.0","2.0","2.0","2.0","1.0","1.0","1.0","1.0","1.0","1.0","1.0","1.0","1.0","1.0","1.0","1.0","1.0","1.0","1.0","1.0","1.0","1.0","1.0","1.0","1.0","1.0","1.0","1.0","0.0","1.0","0.0","1.0","0.0","1.0","0.0","1.0","0.0","1.0","0.0","0.0","0.0","0.0","0.0","0.0","0.0","0.0","0.0","0.0","1.0","0.0","1.0","0.0"
"165","2.0","2.0","3.0","0.0","3.0","0.0","3.0","0.0","3.0","2.0","2.0","2.0","1.0","3.0","2.0","3.0","3.0","3.0","2.0","3.0","3.0","3.0","2.0","3.0","2.0","3.0","1.0","2.0","1.0","2.0","1.0","1.0","1.0","1.0","1.0","1.0","1.0","1.0","1.0","1.0","1.0","1.0","1.0","1.0","1.0","1.0","1.0","1.0","1.0","1.0","1.0","1.0","1.0","1.0","1.0","1.0","0.0","1.0","1.0","1.0","0.0","1.0","0.0","1.0","0.0","1.0","0.0","0.0","0.0","0.0","1.0","0.0","1.0","0.0","1.0","0.0","1.0","0.0"
"166","2.0","2.0","3.0","1.0","3.0","0.0","3.0","0.0","3.0","0.0","3.0","2.0","1.0","3.0","2.0","3.0","3.0","3.0","3.0","3.0","3.0","3.0","2.0","3.0","2.0","3.0","1.0","2.0","1.0","1.0","1.0","1.0","1.0","1.0","1.0","1.0","1.0","1.0","1.0","1.0","1.0","1.0","1.0","1.0","1.0","1.0","1.0","1.0","1.0","1.0","1.0","1.0","0.0","1.0","0.0","1.0","0.0","1.0","0.0","1.0","0.0","1.0","0.0","1.0","0.0","1.0","0.0","1.0","0.0","1.0","0.0","1.0","1.0","1.0","1.0","0.0","1.0","0.0"
"167","3.0","3.0","2.0","3.0","2.0","3.0","2.0","3.0","2.0","3.0","2.0","2.0","1.0","2.0","2.0","2.0","1.0","2.0","1.0","2.0","2.0","2.0","1.0","2.0","1.0","1.0","2.0","2.0","1.0","1.0","1.0","1.0","1.0","1.0","1.0","1.0","1.0","1.0","1.0","1.0","1.0","1.0","1.0","1.0","1.0","1.0","1.0","1.0","1.0","1.0","1.0","0.0","0.0","0.0","1.0","0.0","0.0","0.0","1.0","0.0","1.0","0.0","2.0","0.0","2.0","1.0","2.0","1.0","2.0","1.0","2.0","1.0","3.0","1.0","3.0","1.0","3.0","1.0"
"168","3.0","1.0","3.0","0.0","3.0","1.0","3.0","2.0","3.0","3.0","1.0","3.0","2.0","3.0","3.0","3.0","2.0","3.0","3.0","3.0","2.0","3.0","2.0","3.0","1.0","2.0","1.0","2.0","1.0","2.0","1.0","2.0","0.0","2.0","0.0","2.0","0.0","2.0","0.0","2.0","0.0","1.0","0.0","1.0","0.0","2.0","0.0","1.0","0.0","1.0","0.0","1.0","0.0","1.0","0.0","1.0","0.0","1.0","0.0","1.0","0.0","1.0","0.0","1.0","0.0","1.0","0.0","1.0","0.0","1.0","0.0","1.0","0.0","0.0","1.0","1.0","1.0","1.0"
"169","3.0","1.0","3.0","0.0","3.0","0.0","3.0","0.0","3.0","2.0","3.0","2.0","1.0","3.0","2.0","3.0","3.0","3.0","2.0","3.0","2.0","3.0","2.0","3.0","2.0","2.0","2.0","1.0","2.0","1.0","2.0","1.0","2.0","1.0","2.0","1.0","1.0","1.0","1.0","1.0","1.0","1.0","1.0","1.0","1.0","1.0","1.0","1.0","1.0","1.0","1.0","1.0","1.0","1.0","1.0","1.0","1.0","1.0","1.0","1.0","1.0","1.0","1.0","1.0","1.0","0.0","1.0","0.0","1.0","0.0","1.0","0.0","1.0","0.0","1.0","0.0","2.0","0.0"
"170","2.0","2.0","3.0","1.0","3.0","0.0","3.0","0.0","3.0","0.0","2.0","2.0","1.0","3.0","2.0","3.0","2.0","3.0","2.0","3.0","2.0","3.0","2.0","3.0","2.0","3.0","1.0","2.0","1.0","2.0","1.0","2.0","1.0","2.0","1.0","1.0","1.0","1.0","1.0","1.0","1.0","1.0","1.0","1.0","1.0","1.0","1.0","1.0","1.0","1.0","1.0","1.0","1.0","1.0","1.0","1.0","0.0","1.0","0.0","1.0","0.0","1.0","0.0","1.0","0.0","1.0","1.0","1.0","0.0","1.0","1.0","0.0","1.0","1.0","1.0","0.0","2.0","1.0"
"171","3.0","2.0","3.0","0.0","3.0","0.0","3.0","0.0","3.0","2.0","2.0","3.0","2.0","3.0","2.0","3.0","3.0","3.0","2.0","3.0","2.0","3.0","3.0","3.0","2.0","2.0","1.0","2.0","2.0","1.0","2.0","2.0","1.0","2.0","1.0","1.0","2.0","1.0","1.0","1.0","1.0","1.0","1.0","1.0","1.0","1.0","1.0","1.0","1.0","1.0","1.0","1.0","1.0","1.0","1.0","1.0","1.0","1.0","1.0","1.0","1.0","1.0","1.0","1.0","1.0","1.0","1.0","0.0","1.0","0.0","1.0","0.0","2.0","0.0","2.0","1.0","2.0","0.0"
"172","3.0","2.0","3.0","1.0","3.0","0.0","3.0","0.0","3.0","1.0","3.0","2.0","1.0","3.0","2.0","3.0","3.0","3.0","3.0","3.0","3.0","3.0","2.0","3.0","3.0","3.0","2.0","2.0","1.0","2.0","2.0","2.0","2.0","1.0","1.0","1.0","1.0","1.0","1.0","1.0","1.0","1.0","1.0","1.0","1.0","1.0","1.0","1.0","1.0","1.0","1.0","1.0","1.0","1.0","1.0","1.0","1.0","1.0","1.0","1.0","0.0","1.0","0.0","1.0","0.0","1.0","1.0","0.0","1.0","0.0","1.0","0.0","1.0","0.0","1.0","0.0","1.0","0.0"
"173","3.0","2.0","3.0","1.0","3.0","0.0","3.0","0.0","3.0","0.0","3.0","2.0","2.0","3.0","2.0","3.0","3.0","3.0","3.0","3.0","3.0","3.0","3.0","3.0","3.0","3.0","2.0","2.0","1.0","2.0","1.0","2.0","1.0","1.0","1.0","1.0","1.0","1.0","1.0","1.0","0.0","1.0","1.0","1.0","0.0","1.0","1.0","1.0","0.0","1.0","0.0","1.0","0.0","1.0","0.0","1.0","0.0","1.0","0.0","1.0","0.0","1.0","0.0","1.0","0.0","1.0","0.0","1.0","0.0","1.0","0.0","1.0","1.0","0.0","1.0","0.0","1.0","1.0"
"174","2.0","2.0","3.0","2.0","3.0","0.0","3.0","0.0","3.0","0.0","3.0","2.0","3.0","2.0","2.0","3.0","2.0","3.0","3.0","3.0","2.0","3.0","2.0","3.0","2.0","3.0","2.0","3.0","1.0","1.0","2.0","1.0","1.0","1.0","1.0","1.0","1.0","1.0","1.0","1.0","1.0","1.0","1.0","1.0","1.0","1.0","1.0","1.0","1.0","1.0","1.0","1.0","0.0","1.0","0.0","1.0","0.0","1.0","0.0","1.0","0.0","1.0","1.0","1.0","0.0","0.0","0.0","0.0","0.0","0.0","0.0","0.0","0.0","0.0","1.0","0.0","1.0","0.0"
"175","3.0","1.0","3.0","0.0","3.0","0.0","3.0","0.0","3.0","2.0","2.0","2.0","2.0","3.0","3.0","3.0","3.0","3.0","3.0","3.0","3.0","3.0","3.0","3.0","2.0","2.0","2.0","2.0","2.0","1.0","2.0","1.0","1.0","1.0","1.0","1.0","1.0","1.0","1.0","1.0","1.0","1.0","1.0","1.0","1.0","1.0","1.0","1.0","1.0","1.0","1.0","1.0","1.0","1.0","1.0","1.0","1.0","1.0","1.0","1.0","0.0","1.0","1.0","0.0","1.0","0.0","1.0","0.0","1.0","0.0","1.0","0.0","1.0","0.0","2.0","0.0","2.0","0.0"
"176","3.0","2.0","3.0","1.0","3.0","0.0","3.0","0.0","3.0","1.0","3.0","2.0","2.0","3.0","2.0","3.0","3.0","3.0","3.0","3.0","3.0","3.0","3.0","3.0","3.0","3.0","2.0","2.0","2.0","2.0","1.0","2.0","2.0","2.0","1.0","1.0","1.0","2.0","1.0","1.0","1.0","1.0","1.0","1.0","1.0","1.0","1.0","1.0","1.0","1.0","1.0","1.0","1.0","1.0","1.0","1.0","1.0","1.0","0.0","1.0","1.0","1.0","0.0","1.0","1.0","1.0","1.0","0.0","1.0","0.0","1.0","0.0","1.0","0.0","2.0","1.0","2.0","0.0"
"177","2.0","2.0","2.0","2.0","3.0","0.0","3.0","0.0","3.0","0.0","3.0","2.0","2.0","2.0","1.0","3.0","2.0","3.0","3.0","3.0","2.0","3.0","2.0","3.0","2.0","3.0","2.0","3.0","2.0","2.0","1.0","1.0","1.0","1.0","1.0","1.0","1.0","1.0","1.0","1.0","1.0","1.0","1.0","1.0","1.0","1.0","1.0","1.0","1.0","1.0","1.0","1.0","1.0","1.0","1.0","1.0","0.0","1.0","0.0","1.0","0.0","1.0","0.0","1.0","0.0","0.0","1.0","0.0","1.0","0.0","1.0","0.0","1.0","0.0","1.0","0.0","2.0","0.0"
"178","3.0","1.0","3.0","0.0","3.0","0.0","3.0","0.0","3.0","2.0","3.0","2.0","1.0","3.0","3.0","3.0","3.0","3.0","3.0","3.0","3.0","3.0","3.0","3.0","2.0","2.0","2.0","1.0","1.0","1.0","2.0","1.0","1.0","1.0","1.0","1.0","1.0","1.0","1.0","1.0","1.0","1.0","1.0","1.0","1.0","1.0","1.0","1.0","1.0","1.0","1.0","1.0","0.0","1.0","1.0","1.0","0.0","1.0","1.0","1.0","0.0","1.0","0.0","1.0","0.0","1.0","1.0","0.0","1.0","0.0","1.0","1.0","1.0","0.0","2.0","0.0","2.0","1.0"
"179","2.0","2.0","3.0","1.0","3.0","0.0","3.0","0.0","3.0","1.0","2.0","2.0","1.0","3.0","2.0","3.0","2.0","3.0","2.0","3.0","2.0","3.0","2.0","3.0","2.0","3.0","2.0","2.0","1.0","2.0","1.0","2.0","1.0","2.0","1.0","1.0","1.0","1.0","1.0","2.0","1.0","1.0","1.0","1.0","1.0","1.0","1.0","1.0","1.0","1.0","1.0","1.0","1.0","1.0","0.0","1.0","1.0","1.0","0.0","1.0","0.0","1.0","0.0","1.0","1.0","0.0","1.0","0.0","1.0","0.0","1.0","0.0","1.0","0.0","2.0","1.0","2.0","0.0"
"180","3.0","2.0","3.0","2.0","3.0","0.0","3.0","0.0","3.0","1.0","3.0","2.0","2.0","3.0","2.0","3.0","3.0","3.0","3.0","3.0","3.0","3.0","2.0","3.0","2.0","3.0","2.0","2.0","2.0","2.0","2.0","1.0","1.0","1.0","1.0","1.0","1.0","1.0","1.0","1.0","1.0","1.0","1.0","1.0","1.0","1.0","1.0","1.0","1.0","1.0","1.0","1.0","1.0","1.0","1.0","1.0","1.0","1.0","0.0","1.0","0.0","1.0","0.0","1.0","1.0","1.0","1.0","0.0","1.0","0.0","1.0","0.0","1.0","0.0","1.0","0.0","2.0","1.0"
"181","2.0","2.0","3.0","0.0","3.0","0.0","3.0","0.0","3.0","2.0","2.0","2.0","1.0","3.0","1.0","3.0","2.0","3.0","1.0","3.0","2.0","3.0","1.0","3.0","2.0","3.0","1.0","2.0","1.0","2.0","1.0","1.0","1.0","1.0","1.0","1.0","1.0","1.0","1.0","1.0","1.0","1.0","1.0","1.0","1.0","1.0","1.0","1.0","0.0","1.0","0.0","1.0","0.0","1.0","0.0","1.0","0.0","1.0","0.0","1.0","0.0","1.0","0.0","1.0","0.0","0.0","1.0","0.0","1.0","0.0","1.0","0.0","2.0","0.0","2.0","0.0","2.0","1.0"
"182","2.0","2.0","3.0","1.0","3.0","0.0","3.0","0.0","3.0","0.0","3.0","2.0","2.0","3.0","1.0","3.0","2.0","3.0","3.0","3.0","2.0","3.0","2.0","3.0","2.0","3.0","2.0","2.0","1.0","1.0","1.0","1.0","1.0","1.0","1.0","1.0","1.0","1.0","1.0","1.0","1.0","1.0","1.0","1.0","1.0","1.0","1.0","1.0","1.0","1.0","0.0","1.0","0.0","1.0","0.0","1.0","1.0","1.0","0.0","1.0","0.0","1.0","0.0","0.0","0.0","0.0","1.0","0.0","1.0","0.0","1.0","0.0","1.0","0.0","2.0","0.0","2.0","0.0"
"183","2.0","2.0","3.0","1.0","3.0","0.0","3.0","0.0","3.0","1.0","3.0","2.0","1.0","3.0","1.0","3.0","2.0","3.0","2.0","3.0","2.0","3.0","2.0","3.0","2.0","3.0","2.0","1.0","1.0","1.0","1.0","1.0","1.0","1.0","1.0","1.0","1.0","1.0","1.0","1.0","1.0","1.0","1.0","1.0","1.0","1.0","0.0","1.0","1.0","1.0","0.0","1.0","0.0","1.0","1.0","1.0","0.0","1.0","0.0","1.0","0.0","1.0","0.0","1.0","0.0","1.0","0.0","0.0","1.0","0.0","1.0","0.0","1.0","0.0","2.0","1.0","2.0","1.0"
"184","2.0","1.0","3.0","0.0","3.0","0.0","3.0","0.0","3.0","2.0","3.0","3.0","1.0","3.0","2.0","3.0","2.0","3.0","2.0","3.0","2.0","3.0","2.0","3.0","2.0","2.0","2.0","1.0","1.0","1.0","1.0","1.0","2.0","1.0","1.0","1.0","1.0","1.0","1.0","1.0","1.0","1.0","1.0","1.0","1.0","1.0","1.0","1.0","1.0","1.0","0.0","1.0","0.0","1.0","1.0","1.0","0.0","1.0","0.0","1.0","0.0","0.0","0.0","0.0","0.0","0.0","1.0","0.0","1.0","0.0","1.0","0.0","1.0","0.0","2.0","0.0","2.0","1.0"
"185","2.0","2.0","3.0","0.0","3.0","0.0","3.0","0.0","3.0","2.0","2.0","2.0","1.0","3.0","2.0","3.0","2.0","3.0","2.0","3.0","2.0","3.0","2.0","3.0","2.0","3.0","1.0","1.0","1.0","1.0","1.0","1.0","1.0","1.0","1.0","1.0","1.0","1.0","1.0","1.0","1.0","1.0","0.0","1.0","1.0","1.0","1.0","1.0","0.0","1.0","0.0","1.0","0.0","1.0","0.0","1.0","0.0","1.0","0.0","1.0","0.0","0.0","0.0","0.0","0.0","0.0","0.0","0.0","1.0","0.0","1.0","0.0","1.0","0.0","2.0","0.0","2.0","0.0"
"186","3.0","2.0","3.0","0.0","3.0","0.0","3.0","0.0","3.0","2.0","3.0","2.0","2.0","3.0","2.0","3.0","3.0","3.0","2.0","3.0","2.0","3.0","2.0","3.0","2.0","3.0","2.0","2.0","1.0","1.0","1.0","1.0","2.0","1.0","1.0","1.0","1.0","1.0","1.0","1.0","1.0","1.0","1.0","1.0","1.0","1.0","1.0","1.0","1.0","1.0","1.0","1.0","1.0","1.0","0.0","1.0","1.0","1.0","0.0","1.0","0.0","1.0","0.0","0.0","0.0","0.0","1.0","0.0","1.0","0.0","1.0","0.0","1.0","0.0","2.0","0.0","2.0","0.0"
"187","3.0","2.0","3.0","0.0","3.0","0.0","3.0","0.0","3.0","2.0","2.0","2.0","1.0","3.0","2.0","3.0","3.0","3.0","2.0","3.0","2.0","3.0","2.0","3.0","2.0","2.0","2.0","2.0","1.0","2.0","2.0","1.0","1.0","1.0","1.0","1.0","1.0","1.0","1.0","1.0","1.0","1.0","1.0","1.0","1.0","1.0","1.0","1.0","1.0","1.0","1.0","1.0","0.0","1.0","1.0","1.0","0.0","1.0","0.0","1.0","1.0","1.0","1.0","1.0","1.0","1.0","1.0","0.0","1.0","0.0","2.0","0.0","2.0","0.0","2.0","0.0","2.0","0.0"
"188","2.0","2.0","3.0","1.0","3.0","0.0","3.0","0.0","3.0","2.0","2.0","2.0","1.0","3.0","1.0","3.0","2.0","3.0","2.0","3.0","2.0","3.0","2.0","3.0","2.0","3.0","1.0","2.0","1.0","1.0","1.0","1.0","1.0","1.0","1.0","1.0","1.0","1.0","1.0","1.0","1.0","1.0","0.0","1.0","1.0","1.0","0.0","1.0","0.0","1.0","0.0","1.0","0.0","1.0","0.0","1.0","0.0","1.0","0.0","1.0","0.0","1.0","0.0","1.0","0.0","0.0","0.0","0.0","1.0","0.0","1.0","0.0","1.0","0.0","1.0","0.0","2.0","1.0"
"189","3.0","2.0","3.0","1.0","3.0","0.0","3.0","0.0","3.0","1.0","3.0","2.0","2.0","3.0","2.0","3.0","2.0","3.0","3.0","3.0","3.0","3.0","2.0","3.0","3.0","3.0","2.0","2.0","2.0","1.0","2.0","1.0","1.0","1.0","1.0","1.0","1.0","1.0","1.0","1.0","1.0","1.0","1.0","1.0","1.0","1.0","1.0","1.0","1.0","1.0","0.0","1.0","0.0","1.0","1.0","1.0","0.0","1.0","0.0","1.0","0.0","1.0","0.0","0.0","0.0","0.0","0.0","0.0","1.0","0.0","1.0","0.0","1.0","0.0","1.0","0.0","2.0","0.0"
"190","3.0","2.0","3.0","0.0","3.0","0.0","3.0","0.0","3.0","2.0","3.0","2.0","1.0","3.0","2.0","3.0","3.0","3.0","2.0","3.0","3.0","3.0","3.0","3.0","2.0","3.0","2.0","2.0","2.0","2.0","1.0","1.0","1.0","1.0","1.0","1.0","1.0","1.0","1.0","1.0","1.0","1.0","1.0","1.0","1.0","1.0","1.0","1.0","1.0","1.0","1.0","1.0","1.0","1.0","1.0","1.0","1.0","1.0","1.0","1.0","1.0","1.0","1.0","0.0","1.0","0.0","1.0","0.0","1.0","0.0","2.0","0.0","2.0","0.0","2.0","0.0","2.0","0.0"
"191","3.0","2.0","3.0","0.0","3.0","0.0","3.0","1.0","3.0","2.0","3.0","2.0","2.0","3.0","2.0","3.0","3.0","3.0","3.0","3.0","3.0","3.0","3.0","3.0","3.0","2.0","2.0","2.0","2.0","2.0","2.0","2.0","2.0","1.0","2.0","1.0","2.0","1.0","1.0","1.0","1.0","1.0","1.0","1.0","1.0","1.0","1.0","1.0","1.0","1.0","1.0","1.0","1.0","1.0","1.0","1.0","1.0","1.0","1.0","1.0","1.0","1.0","1.0","1.0","1.0","1.0","1.0","1.0","1.0","1.0","2.0","0.0","2.0","0.0","2.0","1.0","3.0","1.0"
"192","2.0","3.0","2.0","3.0","2.0","3.0","2.0","3.0","2.0","3.0","2.0","2.0","1.0","1.0","1.0","2.0","2.0","2.0","1.0","2.0","1.0","1.0","1.0","1.0","1.0","1.0","1.0","1.0","1.0","1.0","1.0","1.0","1.0","1.0","0.0","1.0","0.0","1.0","1.0","1.0","0.0","1.0","0.0","1.0","0.0","1.0","0.0","0.0","1.0","1.0","1.0","0.0","1.0","0.0","1.0","0.0","1.0","0.0","2.0","0.0","2.0","0.0","2.0","1.0","2.0","1.0","3.0","1.0","3.0","1.0","3.0","1.0","3.0","1.0","3.0","2.0","3.0","1.0"
"193","3.0","3.0","2.0","3.0","2.0","3.0","3.0","3.0","2.0","2.0","1.0","2.0","2.0","1.0","2.0","1.0","1.0","1.0","2.0","2.0","1.0","1.0","2.0","1.0","0.0","1.0","2.0","1.0","0.0","1.0","0.0","1.0","1.0","1.0","0.0","1.0","1.0","1.0","0.0","1.0","1.0","1.0","0.0","0.0","0.0","0.0","1.0","0.0","1.0","0.0","1.0","0.0","0.0","0.0","1.0","0.0","1.0","0.0","2.0","0.0","1.0","0.0","2.0","1.0","3.0","1.0","2.0","1.0","3.0","1.0","3.0","1.0","3.0","1.0","2.0","1.0","3.0","2.0"
"194","2.0","3.0","2.0","3.0","2.0","3.0","2.0","3.0","2.0","3.0","1.0","2.0","1.0","1.0","2.0","2.0","1.0","1.0","1.0","1.0","1.0","1.0","1.0","1.0","1.0","1.0","1.0","1.0","1.0","1.0","0.0","1.0","0.0","1.0","1.0","1.0","0.0","1.0","0.0","1.0","0.0","1.0","0.0","1.0","0.0","1.0","0.0","1.0","1.0","1.0","0.0","0.0","1.0","0.0","1.0","0.0","1.0","0.0","2.0","0.0","2.0","0.0","3.0","1.0","2.0","1.0","3.0","1.0","3.0","1.0","3.0","1.0","3.0","1.0","3.0","2.0","3.0","1.0"
"195","2.0","2.0","3.0","1.0","3.0","0.0","3.0","0.0","3.0","1.0","3.0","2.0","1.0","3.0","1.0","3.0","2.0","3.0","2.0","3.0","1.0","3.0","1.0","3.0","2.0","3.0","2.0","1.0","1.0","1.0","1.0","1.0","2.0","1.0","1.0","1.0","1.0","1.0","1.0","1.0","1.0","1.0","1.0","1.0","1.0","1.0","1.0","1.0","1.0","1.0","1.0","1.0","1.0","1.0","0.0","1.0","1.0","1.0","1.0","1.0","1.0","1.0","1.0","1.0","1.0","0.0","1.0","0.0","1.0","0.0","2.0","0.0","2.0","0.0","2.0","0.0","2.0","0.0"
"196","2.0","2.0","3.0","0.0","3.0","0.0","3.0","0.0","3.0","2.0","3.0","2.0","1.0","3.0","2.0","3.0","2.0","3.0","2.0","3.0","2.0","3.0","2.0","3.0","2.0","3.0","2.0","2.0","2.0","2.0","2.0","1.0","2.0","1.0","1.0","2.0","2.0","1.0","1.0","1.0","2.0","1.0","2.0","1.0","1.0","1.0","1.0","1.0","1.0","1.0","1.0","1.0","1.0","1.0","1.0","1.0","1.0","1.0","1.0","1.0","1.0","0.0","1.0","0.0","1.0","0.0","1.0","0.0","1.0","0.0","2.0","0.0","2.0","0.0","2.0","0.0","3.0","0.0"
"197","3.0","1.0","3.0","0.0","3.0","0.0","3.0","0.0","3.0","2.0","2.0","2.0","2.0","3.0","2.0","3.0","3.0","3.0","2.0","3.0","2.0","3.0","2.0","3.0","2.0","2.0","1.0","1.0","1.0","1.0","2.0","1.0","1.0","1.0","2.0","1.0","1.0","1.0","1.0","1.0","1.0","1.0","1.0","1.0","1.0","1.0","1.0","1.0","1.0","1.0","1.0","1.0","1.0","1.0","1.0","1.0","1.0","1.0","1.0","1.0","1.0","0.0","1.0","0.0","1.0","0.0","1.0","0.0","2.0","0.0","2.0","0.0","2.0","0.0","2.0","0.0","3.0","0.0"
"198","2.0","2.0","3.0","0.0","3.0","0.0","3.0","0.0","3.0","2.0","2.0","2.0","1.0","3.0","2.0","3.0","2.0","3.0","2.0","3.0","2.0","3.0","2.0","3.0","2.0","3.0","2.0","2.0","1.0","2.0","1.0","1.0","1.0","1.0","1.0","1.0","1.0","1.0","1.0","1.0","1.0","1.0","1.0","1.0","1.0","1.0","1.0","1.0","1.0","1.0","1.0","1.0","1.0","1.0","1.0","1.0","0.0","1.0","1.0","1.0","1.0","1.0","1.0","1.0","1.0","0.0","1.0","0.0","1.0","0.0","1.0","0.0","2.0","0.0","2.0","1.0","3.0","1.0"
"199","3.0","1.0","3.0","0.0","3.0","0.0","3.0","0.0","3.0","2.0","3.0","2.0","2.0","3.0","3.0","3.0","3.0","3.0","3.0","3.0","3.0","3.0","2.0","3.0","3.0","2.0","2.0","1.0","3.0","1.0","2.0","1.0","2.0","1.0","2.0","1.0","1.0","1.0","2.0","1.0","2.0","1.0","2.0","1.0","2.0","1.0","1.0","1.0","2.0","1.0","2.0","1.0","1.0","1.0","1.0","1.0","1.0","1.0","1.0","1.0","1.0","1.0","1.0","1.0","1.0","1.0","2.0","0.0","1.0","0.0","2.0","0.0","2.0","0.0","3.0","1.0","2.0","1.0"
"200","3.0","2.0","3.0","1.0","3.0","0.0","3.0","0.0","3.0","1.0","3.0","2.0","2.0","3.0","2.0","3.0","3.0","3.0","3.0","3.0","3.0","3.0","2.0","3.0","3.0","3.0","2.0","1.0","2.0","1.0","1.0","1.0","1.0","1.0","1.0","1.0","1.0","1.0","1.0","1.0","1.0","1.0","1.0","1.0","1.0","1.0","1.0","1.0","1.0","1.0","0.0","1.0","1.0","1.0","0.0","1.0","0.0","1.0","0.0","1.0","0.0","1.0","1.0","0.0","0.0","0.0","0.0","0.0","1.0","0.0","1.0","0.0","1.0","0.0","2.0","0.0","2.0","0.0"
