"subject_id","X0__0","X1__0","X0__1","X1__1"
"0","0.0","0.0","1.0","1.0"
"1","0.0","0.0","1.0","1.0"
"2","0.0","0.0","0.0","0.0"
"3","0.0","0.0","1.0","1.0"
"4","1.0","1.0","1.0","1.0"
"5","0.0","0.0","1.0","1.0"
"6","0.0","0.0","0.0","0.0"
"7","0.0","0.0","1.0","1.0"
"8","0.0","0.0","1.0","1.0"
"9","0.0","0.0","1.0","0.0"
"10","0.0","0.0","0.0","0.0"
"11","0.0","0.0","1.0","1.0"
"12","0.0","0.0","0.0","0.0"
"13","0.0","0.0","0.0","0.0"
"14","1.0","1.0","0.0","0.0"
"15","1.0","1.0","1.0","0.0"
"16","1.0","1.0","1.0","1.0"
"17","0.0","0.0","1.0","1.0"
"18","1.0","1.0","1.0","1.0"
"19","1.0","1.0","0.0","0.0"
"20","1.0","1.0","0.0","0.0"
"21","0.0","0.0","1.0","1.0"
"22","1.0","0.0","1.0","1.0"
"23","1.0","1.0","0.0","1.0"
"24","1.0","1.0","1.0","0.0"
"25","1.0","1.0","0.0","0.0"
"26","0.0","0.0","1.0","1.0"
"27","1.0","1.0","0.0","0.0"
"28","1.0","1.0","1.0","1.0"
"29","0.0","0.0","0.0","0.0"
"30","1.0","1.0","1.0","0.0"
"31","1.0","1.0","1.0","0.0"
"32","0.0","0.0","0.0","0.0"
"33","0.0","0.0","0.0","0.0"
"34","1.0","1.0","1.0","1.0"
"35","0.0","0.0","0.0","0.0"
"36","0.0","0.0","0.0","0.0"
"37","0.0","0.0","0.0","1.0"
"38","1.0","1.0","1.0","1.0"
"39","0.0","1.0","1.0","1.0"
"40","1.0","1.0","1.0","0.0"
"41","0.0","0.0","1.0","1.0"
"42","1.0","1.0","0.0","0.0"
"43","0.0","0.0","0.0","1.0"
"44","1.0","1.0","0.0","0.0"
"45","0.0","0.0","0.0","0.0"
"46","0.0","0.0","0.0","0.0"
"47","1.0","1.0","0.0","0.0"
"48","1.0","1.0","0.0","0.0"
"49","0.0","0.0","0.0","0.0"
"50","1.0","1.0","1.0","1.0"
"51","1.0","1.0","0.0","0.0"
"52","1.0","1.0","1.0","1.0"
"53","1.0","1.0","1.0","0.0"
"54","1.0","1.0","0.0","0.0"
"55","1.0","1.0","1.0","1.0"
"56","1.0","1.0","0.0","0.0"
"57","1.0","1.0","0.0","0.0"
"58","0.0","0.0","0.0","0.0"
"59","1.0","1.0","0.0","0.0"
"60","0.0","0.0","1.0","1.0"
"61","0.0","0.0","1.0","1.0"
"62","1.0","1.0","1.0","1.0"
"63","1.0","0.0","1.0","0.0"
"64","0.0","0.0","0.0","0.0"
"65","0.0","0.0","0.0","0.0"
"66","1.0","1.0","0.0","0.0"
"67","0.0","0.0","0.0","0.0"
"68","0.0","0.0","1.0","1.0"
"69","1.0","1.0","0.0","0.0"
"70","0.0","0.0","0.0","0.0"
"71","0.0","0.0","0.0","0.0"
"72","1.0","0.0","0.0","1.0"
"73","1.0","1.0","1.0","1.0"
"74","1.0","1.0","0.0","0.0"
"75","1.0","1.0","0.0","0.0"
"76","1.0","1.0","1.0","1.0"
"77","1.0","1.0","1.0","1.0"
"78","0.0","0.0","0.0","1.0"
"79","1.0","1.0","1.0","1.0"
"80","1.0","1.0","1.0","1.0"
"81","1.0","0.0","0.0","0.0"
"82","0.0","0.0","1.0","1.0"
"83","1.0","0.0","0.0","0.0"
"84","0.0","0.0","1.0","1.0"
"85","1.0","1.0","1.0","1.0"
"86","0.0","0.0","0.0","1.0"
"87","1.0","0.0","0.0","0.0"
"88","0.0","0.0","0.0","0.0"
"89","0.0","0.0","1.0","1.0"
"90","0.0","0.0","0.0","0.0"
"91","1.0","1.0","1.0","0.0"
"92","1.0","1.0","1.0","1.0"
"93","1.0","1.0","1.0","1.0"
"94","0.0","0.0","1.0","0.0"
"95","1.0","1.0","0.0","0.0"
"96","0.0","0.0","1.0","1.0"
"97","1.0","1.0","0.0","1.0"
"98","0.0","0.0","1.0","1.0"
"99","0.0","0.0","0.0","0.0"
"100","1.0","1.0","1.0","1.0"
"101","1.0","1.0","0.0","1.0"
"102","1.0","1.0","0.0","0.0"
"103","0.0","0.0","1.0","0.0"
"104","0.0","0.0","0.0","0.0"
"105","1.0","0.0","1.0","1.0"
"106","0.0","0.0","1.0","1.0"
"107","1.0","1.0","0.0","0.0"
"108","1.0","1.0","0.0","1.0"
"109","1.0","1.0","1.0","0.0"
"110","0.0","0.0","1.0","1.0"
"111","1.0","1.0","0.0","0.0"
"112","1.0","1.0","1.0","1.0"
"113","1.0","1.0","0.0","0.0"
"114","1.0","1.0","1.0","1.0"
"115","0.0","0.0","0.0","0.0"
"116","0.0","0.0","0.0","0.0"
"117","1.0","1.0","1.0","1.0"
"118","1.0","1.0","0.0","1.0"
"119","1.0","1.0","0.0","1.0"
"120","1.0","1.0","0.0","1.0"
"121","0.0","0.0","0.0","0.0"
"122","0.0","0.0","1.0","1.0"
"123","1.0","1.0","1.0","1.0"
"124","0.0","0.0","0.0","0.0"
"125","0.0","1.0","1.0","1.0"
"126","1.0","1.0","1.0","1.0"
"127","1.0","1.0","1.0","1.0"
"128","1.0","1.0","1.0","1.0"
"129","1.0","1.0","1.0","1.0"
"130","0.0","0.0","1.0","1.0"
"131","1.0","1.0","1.0","1.0"
"132","1.0","1.0","0.0","1.0"
"133","1.0","1.0","0.0","1.0"
"134","0.0","0.0","1.0","1.0"
"135","0.0","0.0","1.0","1.0"
"136","1.0","1.0","0.0","0.0"
"137","1.0","1.0","0.0","0.0"
"138","0.0","0.0","1.0","1.0"
"139","1.0","1.0","1.0","1.0"
"140","0.0","0.0","1.0","1.0"
"141","0.0","0.0","0.0","1.0"
"142","1.0","1.0","0.0","0.0"
"143","1.0","1.0","1.0","1.0"
"144","0.0","0.0","0.0","0.0"
"145","0.0","0.0","0.0","1.0"
"146","0.0","0.0","0.0","1.0"
"147","1.0","1.0","0.0","0.0"
"148","0.0","0.0","1.0","1.0"
"149","1.0","0.0","1.0","0.0"
"150","0.0","1.0","0.0","0.0"
"151","0.0","0.0","1.0","1.0"
"152","0.0","0.0","1.0","1.0"
"153","0.0","0.0","1.0","1.0"
"154","0.0","1.0","1.0","1.0"
"155","1.0","1.0","1.0","1.0"
"156","1.0","1.0","1.0","1.0"
"157","0.0","0.0","1.0","1.0"
"158","1.0","1.0","1.0","1.0"
"159","0.0","0.0","1.0","1.0"
"160","0.0","0.0","0.0","0.0"
"161","1.0","0.0","0.0","0.0"
"162","0.0","0.0","1.0","1.0"
"163","1.0","1.0","0.0","0.0"
"164","1.0","1.0","1.0","1.0"
"165","0.0","0.0","0.0","1.0"
"166","0.0","0.0","0.0","0.0"
"167","0.0","0.0","1.0","0.0"
"168","1.0","1.0","1.0","1.0"
"169","1.0","1.0","1.0","0.0"
"170","1.0","1.0","1.0","1.0"
"171","1.0","1.0","1.0","1.0"
"172","1.0","1.0","0.0","0.0"
"173","1.0","0.0","1.0","1.0"
"174","0.0","0.0","0.0","0.0"
"175","1.0","1.0","1.0","1.0"
"176","0.0","0.0","0.0","0.0"
"177","1.0","1.0","1.0","1.0"
"178","0.0","0.0","0.0","0.0"
"179","0.0","0.0","1.0","1.0"
"180","0.0","0.0","0.0","0.0"
"181","1.0","1.0","1.0","1.0"
"182","1.0","0.0","0.0","1.0"
"183","0.0","0.0","0.0","0.0"
"184","1.0","0.0","1.0","0.0"
"185","0.0","0.0","0.0","1.0"
"186","0.0","0.0","1.0","1.0"
"187","0.0","0.0","0.0","0.0"
"188","1.0","1.0","0.0","0.0"
"189","1.0","1.0","1.0","1.0"
"190","0.0","0.0","0.0","0.0"
"191","0.0","0.0","0.0","0.0"
"192","1.0","1.0","0.0","0.0"
"193","1.0","1.0","0.0","0.0"
"194","0.0","0.0","0.0","0.0"
"195","1.0","1.0","0.0","0.0"
"196","0.0","0.0","0.0","0.0"
"197","0.0","0.0","1.0","1.0"
"198","1.0","1.0","1.0","1.0"
"199","1.0","1.0","0.0","0.0"
"200","1.0","1.0","1.0","1.0"
"201","1.0","1.0","1.0","1.0"
"202","0.0","0.0","0.0","0.0"
"203","0.0","0.0","1.0","1.0"
"204","0.0","0.0","1.0","1.0"
"205","0.0","0.0","1.0","1.0"
"206","1.0","1.0","1.0","1.0"
"207","1.0","1.0","1.0","1.0"
"208","1.0","1.0","0.0","0.0"
"209","1.0","1.0","0.0","1.0"
"210","1.0","1.0","0.0","0.0"
"211","0.0","1.0","0.0","1.0"
"212","0.0","0.0","0.0","0.0"
"213","0.0","0.0","1.0","1.0"
"214","1.0","1.0","0.0","0.0"
"215","1.0","1.0","1.0","1.0"
"216","0.0","0.0","0.0","0.0"
"217","1.0","1.0","0.0","0.0"
"218","0.0","0.0","1.0","0.0"
"219","1.0","1.0","0.0","0.0"
"220","0.0","0.0","0.0","0.0"
"221","0.0","0.0","1.0","1.0"
"222","1.0","1.0","0.0","1.0"
"223","0.0","0.0","0.0","0.0"
"224","1.0","1.0","1.0","0.0"
"225","1.0","0.0","0.0","0.0"
"226","0.0","0.0","1.0","1.0"
"227","1.0","1.0","0.0","0.0"
"228","0.0","0.0","1.0","1.0"
"229","0.0","1.0","0.0","1.0"
"230","1.0","1.0","1.0","1.0"
"231","1.0","1.0","1.0","1.0"
"232","1.0","1.0","1.0","1.0"
"233","1.0","0.0","0.0","1.0"
"234","0.0","1.0","0.0","0.0"
"235","1.0","0.0","0.0","0.0"
"236","0.0","0.0","1.0","0.0"
"237","0.0","0.0","0.0","0.0"
"238","0.0","0.0","0.0","0.0"
"239","1.0","1.0","1.0","0.0"
"240","0.0","0.0","0.0","0.0"
"241","0.0","0.0","1.0","1.0"
"242","1.0","1.0","1.0","0.0"
"243","0.0","0.0","0.0","0.0"
"244","1.0","1.0","0.0","1.0"
"245","1.0","1.0","1.0","1.0"
"246","1.0","1.0","0.0","0.0"
"247","1.0","1.0","0.0","0.0"
"248","0.0","0.0","1.0","0.0"
"249","0.0","0.0","1.0","0.0"
"250","1.0","1.0","0.0","0.0"
"251","1.0","0.0","1.0","1.0"
"252","1.0","1.0","0.0","0.0"
"253","1.0","1.0","0.0","0.0"
"254","0.0","0.0","0.0","0.0"
"255","1.0","1.0","0.0","0.0"
"256","0.0","0.0","0.0","0.0"
"257","0.0","1.0","1.0","1.0"
"258","0.0","0.0","0.0","0.0"
"259","0.0","0.0","0.0","0.0"
"260","1.0","1.0","0.0","1.0"
"261","0.0","0.0","1.0","1.0"
"262","1.0","1.0","0.0","0.0"
"263","0.0","0.0","1.0","0.0"
"264","0.0","0.0","1.0","1.0"
"265","1.0","1.0","0.0","1.0"
"266","1.0","1.0","1.0","1.0"
"267","0.0","0.0","1.0","1.0"
"268","1.0","1.0","1.0","1.0"
"269","0.0","0.0","0.0","0.0"
"270","0.0","0.0","0.0","0.0"
"271","0.0","0.0","0.0","0.0"
"272","1.0","1.0","0.0","0.0"
"273","0.0","0.0","0.0","0.0"
"274","0.0","0.0","1.0","0.0"
"275","1.0","1.0","0.0","0.0"
"276","0.0","0.0","1.0","1.0"
"277","0.0","1.0","0.0","0.0"
"278","1.0","1.0","1.0","1.0"
"279","0.0","0.0","1.0","1.0"
"280","0.0","0.0","0.0","0.0"
"281","1.0","1.0","0.0","0.0"
"282","1.0","1.0","1.0","1.0"
"283","1.0","1.0","1.0","1.0"
"284","0.0","0.0","0.0","0.0"
"285","0.0","0.0","1.0","1.0"
"286","0.0","0.0","0.0","0.0"
"287","1.0","0.0","1.0","1.0"
"288","1.0","1.0","0.0","0.0"
"289","1.0","1.0","0.0","1.0"
"290","0.0","0.0","0.0","0.0"
"291","0.0","0.0","1.0","1.0"
"292","1.0","1.0","1.0","1.0"
"293","1.0","1.0","0.0","0.0"
"294","0.0","0.0","1.0","0.0"
"295","0.0","0.0","0.0","0.0"
"296","1.0","1.0","0.0","0.0"
"297","0.0","0.0","1.0","1.0"
"298","0.0","0.0","0.0","0.0"
"299","1.0","1.0","1.0","0.0"
"300","0.0","1.0","1.0","0.0"
"301","1.0","1.0","0.0","0.0"
"302","0.0","1.0","0.0","0.0"
"303","0.0","0.0","0.0","0.0"
"304","1.0","0.0","1.0","1.0"
"305","1.0","1.0","1.0","1.0"
"306","1.0","1.0","0.0","0.0"
"307","1.0","1.0","0.0","0.0"
"308","1.0","1.0","1.0","0.0"
"309","0.0","0.0","1.0","1.0"
"310","0.0","0.0","1.0","0.0"
"311","1.0","1.0","1.0","1.0"
"312","0.0","0.0","1.0","1.0"
"313","1.0","1.0","0.0","0.0"
"314","1.0","1.0","0.0","0.0"
"315","0.0","1.0","0.0","0.0"
"316","0.0","0.0","1.0","1.0"
"317","0.0","0.0","0.0","0.0"
"318","0.0","0.0","0.0","0.0"
"319","0.0","0.0","0.0","0.0"
"320","1.0","1.0","0.0","0.0"
"321","0.0","0.0","0.0","0.0"
"322","1.0","1.0","0.0","1.0"
"323","0.0","0.0","1.0","0.0"
"324","0.0","0.0","1.0","1.0"
"325","0.0","0.0","1.0","1.0"
"326","1.0","1.0","0.0","1.0"
"327","1.0","1.0","1.0","1.0"
"328","0.0","0.0","1.0","1.0"
"329","1.0","1.0","0.0","0.0"
"330","0.0","0.0","1.0","0.0"
"331","1.0","1.0","0.0","0.0"
"332","0.0","0.0","1.0","1.0"
"333","0.0","1.0","1.0","0.0"
"334","1.0","1.0","1.0","1.0"
"335","1.0","1.0","1.0","1.0"
"336","0.0","0.0","1.0","1.0"
"337","1.0","1.0","0.0","1.0"
"338","1.0","1.0","1.0","1.0"
"339","1.0","1.0","1.0","1.0"
"340","1.0","1.0","0.0","0.0"
"341","0.0","0.0","1.0","1.0"
"342","1.0","1.0","1.0","1.0"
"343","0.0","1.0","1.0","1.0"
"344","0.0","0.0","0.0","1.0"
"345","0.0","0.0","1.0","1.0"
"346","1.0","1.0","0.0","0.0"
"347","0.0","0.0","0.0","0.0"
"348","0.0","0.0","0.0","1.0"
"349","1.0","1.0","0.0","0.0"
"350","0.0","0.0","1.0","1.0"
"351","1.0","1.0","1.0","1.0"
"352","1.0","1.0","0.0","0.0"
"353","1.0","1.0","1.0","1.0"
"354","1.0","1.0","1.0","1.0"
"355","0.0","0.0","1.0","1.0"
"356","0.0","0.0","0.0","0.0"
"357","1.0","1.0","0.0","0.0"
"358","0.0","0.0","1.0","1.0"
"359","0.0","0.0","1.0","1.0"
"360","0.0","0.0","1.0","1.0"
"361","1.0","1.0","0.0","0.0"
"362","0.0","0.0","1.0","1.0"
"363","0.0","0.0","1.0","0.0"
"364","1.0","1.0","1.0","1.0"
"365","0.0","0.0","1.0","0.0"
"366","0.0","0.0","0.0","0.0"
"367","0.0","0.0","0.0","0.0"
"368","0.0","0.0","0.0","0.0"
"369","1.0","1.0","0.0","1.0"
"370","1.0","1.0","0.0","0.0"
"371","0.0","0.0","0.0","0.0"
"372","1.0","0.0","1.0","0.0"
"373","0.0","0.0","1.0","1.0"
"374","1.0","1.0","0.0","0.0"
"375","1.0","1.0","0.0","0.0"
"376","0.0","0.0","0.0","0.0"
"377","0.0","0.0","1.0","1.0"
"378","0.0","1.0","1.0","1.0"
"379","1.0","1.0","0.0","0.0"
"380","0.0","0.0","0.0","0.0"
"381","0.0","0.0","1.0","1.0"
"382","0.0","0.0","1.0","1.0"
"383","1.0","1.0","1.0","1.0"
"384","1.0","1.0","0.0","0.0"
"385","1.0","1.0","1.0","1.0"
"386","0.0","0.0","0.0","0.0"
"387","1.0","1.0","1.0","1.0"
"388","1.0","1.0","1.0","1.0"
"389","0.0","0.0","1.0","0.0"
"390","0.0","0.0","1.0","1.0"
"391","0.0","0.0","0.0","0.0"
"392","1.0","1.0","0.0","0.0"
"393","0.0","0.0","0.0","0.0"
"394","1.0","1.0","0.0","1.0"
"395","1.0","1.0","0.0","0.0"
"396","0.0","0.0","0.0","0.0"
"397","0.0","0.0","0.0","1.0"
"398","1.0","1.0","0.0","0.0"
"399","1.0","1.0","0.0","0.0"
"400","1.0","1.0","0.0","1.0"
"401","1.0","1.0","1.0","1.0"
"402","1.0","1.0","0.0","1.0"
"403","0.0","0.0","0.0","1.0"
"404","0.0","0.0","1.0","0.0"
"405","0.0","0.0","0.0","1.0"
"406","0.0","0.0","0.0","1.0"
"407","1.0","0.0","1.0","0.0"
"408","1.0","1.0","1.0","1.0"
"409","1.0","1.0","0.0","0.0"
"410","0.0","0.0","1.0","1.0"
"411","1.0","1.0","1.0","1.0"
"412","1.0","1.0","0.0","1.0"
"413","0.0","0.0","1.0","1.0"
"414","1.0","1.0","1.0","1.0"
"415","1.0","0.0","1.0","1.0"
"416","1.0","1.0","1.0","1.0"
"417","1.0","1.0","0.0","0.0"
"418","1.0","1.0","1.0","1.0"
"419","0.0","0.0","0.0","0.0"
"420","1.0","1.0","1.0","1.0"
"421","0.0","0.0","1.0","1.0"
"422","0.0","0.0","0.0","1.0"
"423","1.0","1.0","1.0","1.0"
"424","0.0","0.0","1.0","1.0"
"425","0.0","0.0","1.0","0.0"
"426","1.0","1.0","1.0","1.0"
"427","0.0","0.0","1.0","1.0"
"428","1.0","1.0","1.0","0.0"
"429","1.0","1.0","1.0","1.0"
"430","1.0","1.0","1.0","1.0"
"431","0.0","0.0","1.0","1.0"
"432","0.0","0.0","0.0","0.0"
"433","1.0","1.0","1.0","1.0"
"434","0.0","0.0","0.0","0.0"
"435","0.0","0.0","1.0","0.0"
"436","0.0","0.0","0.0","0.0"
"437","0.0","0.0","1.0","1.0"
"438","0.0","0.0","0.0","1.0"
"439","0.0","1.0","1.0","0.0"
"440","1.0","1.0","1.0","1.0"
"441","0.0","0.0","0.0","0.0"
"442","1.0","1.0","1.0","1.0"
"443","1.0","1.0","1.0","0.0"
"444","1.0","0.0","1.0","1.0"
"445","1.0","0.0","1.0","1.0"
"446","1.0","1.0","0.0","1.0"
"447","0.0","0.0","1.0","0.0"
"448","0.0","0.0","0.0","0.0"
"449","1.0","1.0","1.0","1.0"
"450","0.0","0.0","0.0","1.0"
"451","0.0","0.0","0.0","1.0"
"452","0.0","0.0","0.0","0.0"
"453","0.0","0.0","1.0","1.0"
"454","1.0","0.0","1.0","1.0"
"455","0.0","0.0","1.0","1.0"
"456","0.0","0.0","1.0","1.0"
"457","1.0","1.0","0.0","0.0"
"458","1.0","1.0","0.0","0.0"
"459","0.0","0.0","0.0","0.0"
"460","0.0","0.0","0.0","0.0"
"461","0.0","0.0","1.0","0.0"
"462","0.0","0.0","1.0","0.0"
"463","1.0","1.0","1.0","1.0"
"464","0.0","0.0","1.0","0.0"
"465","0.0","0.0","0.0","1.0"
"466","1.0","1.0","0.0","0.0"
"467","0.0","0.0","0.0","0.0"
"468","1.0","1.0","0.0","0.0"
"469","0.0","0.0","1.0","1.0"
"470","0.0","0.0","0.0","0.0"
"471","0.0","0.0","0.0","0.0"
"472","0.0","0.0","0.0","1.0"
"473","0.0","0.0","0.0","0.0"
"474","1.0","1.0","1.0","1.0"
"475","1.0","1.0","0.0","0.0"
"476","0.0","0.0","1.0","0.0"
"477","0.0","0.0","0.0","1.0"
"478","0.0","0.0","0.0","0.0"
"479","1.0","1.0","1.0","0.0"
"480","1.0","1.0","0.0","1.0"
"481","0.0","0.0","0.0","0.0"
"482","0.0","1.0","1.0","1.0"
"483","0.0","0.0","0.0","0.0"
"484","1.0","1.0","1.0","1.0"
"485","1.0","1.0","1.0","0.0"
"486","0.0","0.0","1.0","1.0"
"487","0.0","0.0","1.0","0.0"
"488","1.0","1.0","0.0","1.0"
"489","1.0","1.0","0.0","0.0"
"490","0.0","0.0","0.0","1.0"
"491","1.0","1.0","1.0","0.0"
"492","1.0","1.0","0.0","0.0"
"493","0.0","0.0","1.0","1.0"
"494","1.0","1.0","1.0","1.0"
"495","0.0","0.0","1.0","1.0"
"496","0.0","0.0","0.0","0.0"
"497","1.0","1.0","0.0","0.0"
"498","0.0","0.0","0.0","0.0"
"499","0.0","1.0","1.0","1.0"
"500","0.0","0.0","1.0","1.0"
"501","0.0","0.0","1.0","1.0"
"502","0.0","0.0","0.0","0.0"
"503","0.0","0.0","0.0","0.0"
"504","0.0","0.0","0.0","0.0"
"505","0.0","0.0","0.0","0.0"
"506","0.0","0.0","1.0","0.0"
"507","0.0","0.0","0.0","0.0"
"508","0.0","0.0","0.0","0.0"
"509","1.0","1.0","1.0","0.0"
"510","0.0","0.0","1.0","1.0"
"511","1.0","1.0","1.0","1.0"
"512","1.0","1.0","0.0","1.0"
"513","0.0","0.0","1.0","1.0"
"514","0.0","0.0","1.0","0.0"
"515","0.0","0.0","1.0","1.0"
"516","1.0","1.0","1.0","0.0"
"517","1.0","1.0","0.0","0.0"
"518","0.0","0.0","0.0","0.0"
"519","1.0","1.0","1.0","1.0"
"520","0.0","0.0","1.0","1.0"
"521","0.0","0.0","0.0","0.0"
"522","0.0","0.0","0.0","1.0"
"523","1.0","1.0","1.0","1.0"
"524","1.0","1.0","1.0","1.0"
"525","1.0","0.0","1.0","1.0"
"526","0.0","0.0","1.0","1.0"
"527","1.0","1.0","1.0","0.0"
"528","1.0","1.0","1.0","1.0"
"529","0.0","0.0","0.0","0.0"
"530","1.0","1.0","1.0","1.0"
"531","1.0","1.0","0.0","0.0"
"532","1.0","1.0","0.0","0.0"
"533","0.0","0.0","0.0","1.0"
"534","0.0","0.0","0.0","0.0"
"535","1.0","1.0","1.0","0.0"
"536","1.0","1.0","0.0","0.0"
"537","0.0","1.0","1.0","1.0"
"538","1.0","1.0","0.0","1.0"
"539","0.0","0.0","0.0","0.0"
"540","0.0","0.0","0.0","0.0"
"541","0.0","0.0","0.0","0.0"
"542","1.0","0.0","0.0","1.0"
"543","0.0","1.0","1.0","0.0"
"544","1.0","1.0","1.0","1.0"
"545","0.0","1.0","0.0","0.0"
"546","1.0","1.0","0.0","0.0"
"547","1.0","1.0","0.0","0.0"
"548","1.0","1.0","0.0","1.0"
"549","1.0","0.0","0.0","1.0"
"550","1.0","1.0","0.0","0.0"
"551","1.0","1.0","0.0","1.0"
"552","0.0","1.0","1.0","1.0"
"553","1.0","1.0","1.0","1.0"
"554","0.0","0.0","0.0","0.0"
"555","0.0","0.0","0.0","0.0"
"556","1.0","1.0","1.0","1.0"
"557","1.0","1.0","1.0","1.0"
"558","1.0","1.0","1.0","1.0"
"559","0.0","0.0","0.0","0.0"
"560","1.0","1.0","0.0","0.0"
"561","1.0","1.0","0.0","0.0"
"562","0.0","0.0","1.0","0.0"
"563","0.0","0.0","0.0","0.0"
"564","1.0","1.0","0.0","0.0"
"565","1.0","1.0","1.0","1.0"
"566","0.0","0.0","0.0","0.0"
"567","1.0","1.0","1.0","0.0"
"568","0.0","0.0","0.0","1.0"
"569","0.0","0.0","1.0","1.0"
"570","0.0","0.0","1.0","1.0"
"571","1.0","1.0","1.0","1.0"
"572","0.0","0.0","1.0","1.0"
"573","0.0","0.0","1.0","1.0"
"574","0.0","0.0","1.0","1.0"
"575","1.0","0.0","0.0","0.0"
"576","1.0","1.0","0.0","0.0"
"577","1.0","1.0","0.0","0.0"
"578","0.0","0.0","1.0","1.0"
"579","0.0","0.0","1.0","1.0"
"580","1.0","0.0","1.0","1.0"
"581","0.0","0.0","0.0","0.0"
"582","1.0","1.0","0.0","0.0"
"583","1.0","1.0","0.0","0.0"
"584","1.0","1.0","0.0","0.0"
"585","1.0","1.0","1.0","1.0"
"586","1.0","1.0","0.0","0.0"
"587","1.0","1.0","0.0","0.0"
"588","0.0","0.0","1.0","1.0"
"589","1.0","0.0","0.0","0.0"
"590","0.0","1.0","1.0","1.0"
"591","1.0","1.0","0.0","0.0"
"592","1.0","1.0","0.0","1.0"
"593","1.0","1.0","1.0","1.0"
"594","1.0","1.0","0.0","0.0"
"595","1.0","1.0","0.0","0.0"
"596","1.0","1.0","1.0","1.0"
"597","0.0","0.0","1.0","1.0"
"598","0.0","0.0","0.0","0.0"
"599","0.0","0.0","0.0","0.0"
"600","1.0","1.0","1.0","1.0"
"601","0.0","1.0","1.0","1.0"
"602","0.0","0.0","1.0","1.0"
"603","0.0","0.0","0.0","0.0"
"604","0.0","0.0","1.0","1.0"
"605","0.0","0.0","0.0","0.0"
"606","1.0","1.0","1.0","1.0"
"607","0.0","0.0","0.0","0.0"
"608","0.0","0.0","1.0","1.0"
"609","0.0","0.0","1.0","0.0"
"610","0.0","0.0","0.0","0.0"
"611","0.0","0.0","1.0","1.0"
"612","1.0","0.0","0.0","0.0"
"613","1.0","1.0","1.0","0.0"
"614","1.0","1.0","0.0","0.0"
"615","0.0","0.0","0.0","1.0"
"616","0.0","0.0","1.0","1.0"
"617","0.0","0.0","1.0","1.0"
"618","0.0","0.0","0.0","0.0"
"619","1.0","1.0","1.0","1.0"
"620","0.0","0.0","0.0","0.0"
"621","0.0","0.0","0.0","0.0"
"622","1.0","1.0","0.0","0.0"
"623","0.0","0.0","1.0","1.0"
"624","1.0","1.0","0.0","1.0"
"625","0.0","0.0","1.0","1.0"
"626","1.0","1.0","1.0","1.0"
"627","1.0","1.0","0.0","1.0"
"628","0.0","0.0","1.0","1.0"
"629","0.0","0.0","1.0","0.0"
"630","1.0","1.0","1.0","1.0"
"631","0.0","0.0","1.0","1.0"
"632","0.0","0.0","0.0","0.0"
"633","0.0","0.0","0.0","0.0"
"634","1.0","1.0","1.0","1.0"
"635","1.0","1.0","0.0","0.0"
"636","0.0","0.0","1.0","1.0"
"637","1.0","1.0","1.0","1.0"
"638","1.0","1.0","1.0","1.0"
"639","1.0","1.0","1.0","1.0"
"640","0.0","0.0","1.0","1.0"
"641","1.0","1.0","1.0","1.0"
"642","1.0","1.0","0.0","0.0"
"643","0.0","0.0","0.0","0.0"
"644","0.0","0.0","1.0","1.0"
"645","1.0","1.0","0.0","0.0"
"646","1.0","1.0","1.0","1.0"
"647","0.0","0.0","1.0","1.0"
"648","0.0","0.0","1.0","1.0"
"649","0.0","0.0","1.0","0.0"
"650","0.0","0.0","1.0","1.0"
"651","1.0","1.0","1.0","1.0"
"652","0.0","0.0","1.0","1.0"
"653","1.0","1.0","0.0","1.0"
"654","0.0","0.0","0.0","0.0"
"655","1.0","1.0","0.0","0.0"
"656","1.0","1.0","0.0","0.0"
"657","0.0","0.0","0.0","0.0"
"658","0.0","0.0","0.0","0.0"
"659","0.0","0.0","0.0","1.0"
"660","0.0","1.0","1.0","0.0"
"661","0.0","0.0","1.0","1.0"
"662","0.0","0.0","0.0","0.0"
"663","0.0","0.0","0.0","0.0"
"664","0.0","0.0","0.0","1.0"
"665","0.0","0.0","0.0","1.0"
"666","1.0","1.0","0.0","0.0"
"667","1.0","1.0","1.0","0.0"
"668","1.0","1.0","1.0","1.0"
"669","1.0","1.0","0.0","0.0"
"670","0.0","0.0","1.0","1.0"
"671","1.0","1.0","1.0","1.0"
"672","0.0","0.0","0.0","0.0"
"673","0.0","0.0","0.0","0.0"
"674","0.0","0.0","1.0","1.0"
"675","0.0","0.0","0.0","0.0"
"676","1.0","1.0","0.0","0.0"
"677","0.0","0.0","0.0","0.0"
"678","0.0","0.0","0.0","0.0"
"679","0.0","0.0","0.0","1.0"
"680","1.0","1.0","0.0","1.0"
"681","0.0","0.0","1.0","1.0"
"682","0.0","0.0","0.0","0.0"
"683","1.0","1.0","1.0","1.0"
"684","1.0","1.0","0.0","0.0"
"685","0.0","0.0","0.0","0.0"
"686","1.0","1.0","0.0","0.0"
"687","1.0","1.0","1.0","1.0"
"688","0.0","0.0","0.0","0.0"
"689","1.0","1.0","0.0","0.0"
"690","0.0","0.0","1.0","1.0"
"691","1.0","1.0","0.0","0.0"
"692","1.0","1.0","1.0","0.0"
"693","1.0","1.0","1.0","1.0"
"694","1.0","1.0","1.0","1.0"
"695","1.0","1.0","1.0","1.0"
"696","0.0","0.0","1.0","1.0"
"697","0.0","0.0","1.0","1.0"
"698","1.0","0.0","0.0","1.0"
"699","1.0","1.0","0.0","0.0"
"700","0.0","0.0","0.0","0.0"
"701","0.0","0.0","0.0","0.0"
"702","1.0","1.0","0.0","1.0"
"703","1.0","1.0","0.0","0.0"
"704","1.0","0.0","1.0","0.0"
"705","1.0","1.0","1.0","1.0"
"706","1.0","1.0","0.0","0.0"
"707","1.0","1.0","1.0","1.0"
"708","0.0","0.0","1.0","1.0"
"709","1.0","1.0","0.0","1.0"
"710","0.0","0.0","0.0","0.0"
"711","0.0","0.0","0.0","0.0"
"712","0.0","0.0","1.0","1.0"
"713","0.0","0.0","0.0","0.0"
"714","0.0","0.0","1.0","1.0"
"715","0.0","0.0","1.0","1.0"
"716","1.0","1.0","0.0","0.0"
"717","0.0","0.0","0.0","0.0"
"718","1.0","1.0","1.0","0.0"
"719","0.0","0.0","0.0","0.0"
"720","1.0","1.0","1.0","0.0"
"721","0.0","0.0","1.0","1.0"
"722","1.0","1.0","1.0","0.0"
"723","0.0","0.0","1.0","1.0"
"724","0.0","0.0","1.0","1.0"
"725","1.0","1.0","0.0","0.0"
"726","1.0","1.0","0.0","1.0"
"727","0.0","0.0","1.0","1.0"
"728","1.0","0.0","0.0","0.0"
"729","1.0","1.0","1.0","1.0"
"730","1.0","1.0","1.0","1.0"
"731","1.0","1.0","1.0","1.0"
"732","1.0","1.0","1.0","0.0"
"733","1.0","0.0","0.0","1.0"
"734","1.0","1.0","1.0","1.0"
"735","1.0","1.0","0.0","0.0"
"736","1.0","0.0","1.0","1.0"
"737","0.0","0.0","0.0","1.0"
"738","1.0","1.0","1.0","1.0"
"739","0.0","0.0","0.0","0.0"
"740","1.0","1.0","0.0","0.0"
"741","1.0","1.0","0.0","0.0"
"742","1.0","1.0","0.0","0.0"
"743","0.0","0.0","0.0","0.0"
"744","0.0","0.0","0.0","0.0"
"745","1.0","1.0","1.0","1.0"
"746","1.0","1.0","1.0","0.0"
"747","1.0","1.0","0.0","0.0"
"748","0.0","0.0","1.0","1.0"
"749","1.0","1.0","1.0","1.0"
"750","1.0","1.0","0.0","0.0"
"751","1.0","1.0","0.0","0.0"
"752","0.0","0.0","0.0","0.0"
"753","0.0","0.0","1.0","0.0"
"754","0.0","0.0","0.0","0.0"
"755","0.0","0.0","0.0","0.0"
"756","0.0","0.0","1.0","1.0"
"757","0.0","1.0","1.0","0.0"
"758","0.0","1.0","1.0","0.0"
"759","1.0","0.0","0.0","1.0"
"760","1.0","0.0","0.0","1.0"
"761","1.0","1.0","0.0","0.0"
"762","1.0","1.0","0.0","0.0"
"763","1.0","1.0","1.0","1.0"
"764","1.0","1.0","1.0","1.0"
"765","0.0","0.0","0.0","1.0"
"766","1.0","0.0","0.0","1.0"
"767","0.0","0.0","0.0","0.0"
"768","1.0","0.0","0.0","0.0"
"769","0.0","0.0","1.0","1.0"
"770","0.0","1.0","0.0","1.0"
"771","0.0","1.0","1.0","1.0"
"772","0.0","0.0","1.0","1.0"
"773","1.0","1.0","1.0","1.0"
"774","1.0","1.0","0.0","0.0"
"775","0.0","0.0","1.0","1.0"
"776","0.0","0.0","1.0","1.0"
"777","1.0","1.0","0.0","1.0"
"778","1.0","1.0","1.0","1.0"
"779","0.0","0.0","0.0","0.0"
"780","1.0","1.0","1.0","1.0"
"781","0.0","1.0","0.0","0.0"
"782","1.0","1.0","1.0","1.0"
"783","0.0","0.0","0.0","0.0"
"784","1.0","1.0","0.0","0.0"
"785","1.0","1.0","1.0","1.0"
"786","1.0","1.0","0.0","0.0"
"787","0.0","1.0","0.0","1.0"
"788","1.0","1.0","1.0","1.0"
"789","1.0","1.0","0.0","0.0"
"790","1.0","1.0","0.0","1.0"
"791","1.0","1.0","1.0","1.0"
"792","0.0","0.0","0.0","0.0"
"793","1.0","1.0","0.0","0.0"
"794","1.0","1.0","1.0","1.0"
"795","1.0","1.0","0.0","0.0"
"796","1.0","1.0","0.0","0.0"
"797","0.0","0.0","0.0","0.0"
"798","1.0","1.0","0.0","0.0"
"799","1.0","1.0","1.0","1.0"
"800","0.0","0.0","1.0","1.0"
"801","0.0","0.0","0.0","0.0"
"802","1.0","1.0","0.0","0.0"
"803","0.0","0.0","0.0","0.0"
"804","0.0","0.0","1.0","0.0"
"805","0.0","0.0","0.0","0.0"
"806","0.0","0.0","1.0","1.0"
"807","1.0","1.0","1.0","1.0"
"808","0.0","0.0","0.0","0.0"
"809","1.0","1.0","0.0","0.0"
"810","0.0","1.0","0.0","0.0"
"811","1.0","1.0","1.0","0.0"
"812","0.0","0.0","0.0","1.0"
"813","0.0","0.0","0.0","0.0"
"814","0.0","0.0","0.0","0.0"
"815","1.0","1.0","1.0","1.0"
"816","0.0","0.0","0.0","0.0"
"817","0.0","0.0","0.0","0.0"
"818","0.0","1.0","1.0","1.0"
"819","1.0","1.0","0.0","0.0"
"820","0.0","1.0","1.0","1.0"
"821","0.0","0.0","1.0","1.0"
"822","0.0","0.0","0.0","0.0"
"823","0.0","1.0","0.0","1.0"
"824","0.0","0.0","1.0","1.0"
"825","0.0","0.0","0.0","0.0"
"826","1.0","1.0","1.0","1.0"
"827","1.0","1.0","1.0","1.0"
"828","1.0","1.0","1.0","1.0"
"829","0.0","0.0","0.0","0.0"
"830","1.0","1.0","0.0","0.0"
"831","1.0","1.0","1.0","1.0"
"832","0.0","0.0","1.0","1.0"
"833","0.0","1.0","0.0","0.0"
"834","1.0","1.0","0.0","0.0"
"835","0.0","0.0","0.0","0.0"
"836","1.0","1.0","0.0","1.0"
"837","0.0","0.0","1.0","1.0"
"838","1.0","1.0","1.0","1.0"
"839","0.0","1.0","1.0","1.0"
"840","1.0","1.0","1.0","1.0"
"841","0.0","0.0","0.0","0.0"
"842","0.0","0.0","1.0","0.0"
"843","1.0","1.0","1.0","1.0"
"844","1.0","1.0","0.0","0.0"
"845","1.0","1.0","1.0","1.0"
"846","1.0","1.0","0.0","0.0"
"847","1.0","1.0","0.0","0.0"
"848","1.0","1.0","1.0","1.0"
"849","0.0","0.0","1.0","1.0"
"850","1.0","0.0","0.0","0.0"
"851","0.0","1.0","0.0","1.0"
"852","1.0","1.0","0.0","0.0"
"853","1.0","1.0","1.0","1.0"
"854","1.0","1.0","1.0","1.0"
"855","1.0","1.0","1.0","0.0"
"856","1.0","1.0","0.0","0.0"
"857","0.0","0.0","1.0","1.0"
"858","1.0","1.0","1.0","1.0"
"859","0.0","0.0","0.0","0.0"
"860","0.0","0.0","0.0","0.0"
"861","0.0","0.0","0.0","0.0"
"862","1.0","1.0","1.0","0.0"
"863","0.0","0.0","0.0","0.0"
"864","0.0","0.0","0.0","1.0"
"865","0.0","0.0","0.0","0.0"
"866","0.0","0.0","1.0","1.0"
"867","0.0","0.0","0.0","0.0"
"868","1.0","1.0","1.0","1.0"
"869","1.0","1.0","1.0","1.0"
"870","0.0","0.0","0.0","0.0"
"871","0.0","0.0","1.0","1.0"
"872","1.0","1.0","1.0","1.0"
"873","1.0","1.0","1.0","1.0"
"874","0.0","0.0","0.0","1.0"
"875","0.0","1.0","1.0","0.0"
"876","1.0","1.0","0.0","0.0"
"877","1.0","1.0","1.0","1.0"
"878","1.0","1.0","0.0","0.0"
"879","0.0","1.0","1.0","0.0"
"880","0.0","1.0","1.0","0.0"
"881","1.0","1.0","0.0","0.0"
"882","0.0","0.0","1.0","0.0"
"883","0.0","1.0","1.0","0.0"
"884","0.0","0.0","1.0","1.0"
"885","0.0","1.0","1.0","1.0"
"886","0.0","1.0","1.0","0.0"
"887","0.0","0.0","0.0","0.0"
"888","0.0","0.0","0.0","1.0"
"889","0.0","0.0","1.0","1.0"
"890","1.0","1.0","1.0","1.0"
"891","1.0","1.0","1.0","1.0"
"892","0.0","0.0","0.0","1.0"
"893","1.0","1.0","1.0","1.0"
"894","1.0","1.0","0.0","0.0"
"895","0.0","0.0","0.0","0.0"
"896","1.0","1.0","1.0","1.0"
"897","0.0","1.0","0.0","0.0"
"898","1.0","1.0","1.0","0.0"
"899","0.0","1.0","0.0","0.0"
"900","0.0","0.0","0.0","1.0"
"901","0.0","0.0","1.0","1.0"
"902","1.0","1.0","1.0","0.0"
"903","0.0","0.0","1.0","1.0"
"904","1.0","1.0","0.0","0.0"
"905","0.0","0.0","0.0","0.0"
"906","1.0","1.0","0.0","0.0"
"907","1.0","1.0","1.0","1.0"
"908","0.0","0.0","1.0","1.0"
"909","0.0","0.0","0.0","0.0"
"910","0.0","0.0","1.0","1.0"
"911","0.0","0.0","0.0","0.0"
"912","0.0","0.0","0.0","0.0"
"913","1.0","1.0","0.0","0.0"
"914","1.0","0.0","1.0","1.0"
"915","1.0","0.0","0.0","0.0"
"916","1.0","1.0","0.0","0.0"
"917","1.0","1.0","1.0","1.0"
"918","1.0","1.0","1.0","1.0"
"919","1.0","1.0","0.0","0.0"
"920","0.0","0.0","0.0","1.0"
"921","0.0","0.0","1.0","0.0"
"922","1.0","1.0","1.0","1.0"
"923","1.0","1.0","0.0","1.0"
"924","0.0","0.0","0.0","0.0"
"925","1.0","1.0","0.0","0.0"
"926","1.0","1.0","1.0","1.0"
"927","1.0","1.0","1.0","1.0"
"928","1.0","1.0","1.0","1.0"
"929","0.0","0.0","0.0","0.0"
"930","0.0","1.0","0.0","1.0"
"931","1.0","1.0","1.0","0.0"
"932","0.0","0.0","0.0","0.0"
"933","1.0","1.0","0.0","0.0"
"934","0.0","0.0","0.0","0.0"
"935","0.0","0.0","1.0","0.0"
"936","1.0","1.0","0.0","0.0"
"937","1.0","1.0","0.0","0.0"
"938","0.0","0.0","1.0","1.0"
"939","0.0","0.0","1.0","1.0"
"940","1.0","1.0","0.0","0.0"
"941","0.0","0.0","0.0","0.0"
"942","1.0","1.0","0.0","0.0"
"943","1.0","1.0","1.0","1.0"
"944","0.0","0.0","1.0","1.0"
"945","1.0","1.0","1.0","1.0"
"946","1.0","1.0","0.0","0.0"
"947","0.0","1.0","1.0","1.0"
"948","0.0","0.0","1.0","1.0"
"949","0.0","0.0","0.0","0.0"
"950","1.0","1.0","0.0","0.0"
"951","1.0","1.0","1.0","1.0"
"952","1.0","1.0","0.0","0.0"
"953","0.0","0.0","1.0","0.0"
"954","0.0","0.0","0.0","0.0"
"955","0.0","0.0","0.0","0.0"
"956","1.0","1.0","0.0","0.0"
"957","1.0","1.0","0.0","0.0"
"958","1.0","1.0","0.0","0.0"
"959","1.0","1.0","0.0","0.0"
"960","0.0","0.0","1.0","1.0"
"961","0.0","0.0","0.0","0.0"
"962","1.0","1.0","1.0","1.0"
"963","1.0","1.0","0.0","0.0"
"964","1.0","1.0","0.0","0.0"
"965","0.0","0.0","1.0","1.0"
"966","0.0","0.0","1.0","1.0"
"967","1.0","1.0","0.0","0.0"
"968","0.0","0.0","0.0","0.0"
"969","0.0","0.0","1.0","1.0"
"970","1.0","1.0","0.0","1.0"
"971","1.0","1.0","0.0","0.0"
"972","1.0","1.0","1.0","1.0"
"973","1.0","1.0","1.0","1.0"
"974","0.0","0.0","1.0","1.0"
"975","0.0","0.0","1.0","1.0"
"976","0.0","0.0","0.0","1.0"
"977","1.0","1.0","1.0","0.0"
"978","0.0","0.0","0.0","0.0"
"979","0.0","0.0","0.0","1.0"
"980","1.0","0.0","1.0","1.0"
"981","0.0","0.0","0.0","0.0"
"982","1.0","1.0","0.0","0.0"
"983","0.0","0.0","1.0","1.0"
"984","0.0","0.0","0.0","0.0"
"985","1.0","1.0","0.0","0.0"
"986","1.0","1.0","0.0","0.0"
"987","1.0","0.0","1.0","0.0"
"988","0.0","1.0","0.0","0.0"
"989","1.0","1.0","1.0","1.0"
"990","1.0","1.0","1.0","0.0"
"991","1.0","1.0","1.0","1.0"
"992","1.0","1.0","0.0","0.0"
"993","0.0","0.0","1.0","1.0"
"994","1.0","1.0","0.0","0.0"
"995","1.0","1.0","0.0","0.0"
"996","1.0","1.0","1.0","0.0"
"997","1.0","1.0","1.0","1.0"
"998","0.0","0.0","0.0","0.0"
"999","1.0","1.0","1.0","0.0"
