"subject_id","X1__0","X2__0","X3__0","X4__0","X1__1","X2__1","X3__1","X4__1"
"0","0.0","1.0","0.0","1.0","0.0","0.0","0.0","0.0"
"1","1.0","1.0","0.0","1.0","0.0","1.0","0.0","1.0"
"2","1.0","0.0","1.0","1.0","0.0","1.0","0.0","1.0"
"3","0.0","0.0","0.0","0.0","1.0","1.0","1.0","1.0"
"4","1.0","0.0","1.0","0.0","0.0","1.0","0.0","1.0"
"5","1.0","0.0","1.0","1.0","0.0","1.0","0.0","1.0"
"6","0.0","1.0","0.0","1.0","1.0","0.0","1.0","0.0"
"7","0.0","0.0","1.0","1.0","0.0","0.0","1.0","1.0"
"8","0.0","1.0","1.0","1.0","0.0","1.0","0.0","1.0"
"9","0.0","1.0","0.0","1.0","1.0","0.0","1.0","0.0"
"10","0.0","0.0","1.0","1.0","0.0","0.0","1.0","1.0"
"11","0.0","1.0","1.0","1.0","0.0","0.0","1.0","1.0"
"12","0.0","0.0","1.0","1.0","0.0","0.0","1.0","1.0"
"13","1.0","1.0","0.0","0.0","0.0","0.0","1.0","1.0"
"14","1.0","0.0","1.0","0.0","1.0","1.0","0.0","0.0"
"15","1.0","0.0","1.0","0.0","1.0","1.0","1.0","1.0"
"16","1.0","0.0","1.0","0.0","1.0","0.0","1.0","0.0"
"17","1.0","0.0","1.0","0.0","1.0","0.0","1.0","1.0"
"18","1.0","1.0","0.0","0.0","0.0","0.0","1.0","1.0"
"19","1.0","1.0","0.0","0.0","0.0","0.0","1.0","1.0"
"20","1.0","1.0","0.0","0.0","1.0","1.0","0.0","0.0"
"21","0.0","1.0","0.0","1.0","1.0","0.0","1.0","0.0"
"22","1.0","1.0","0.0","0.0","0.0","1.0","0.0","1.0"
"23","1.0","1.0","0.0","0.0","1.0","1.0","0.0","0.0"
"24","0.0","0.0","1.0","1.0","1.0","1.0","0.0","0.0"
"25","0.0","1.0","1.0","0.0","0.0","0.0","0.0","0.0"
"26","1.0","1.0","0.0","0.0","1.0","1.0","0.0","0.0"
"27","0.0","1.0","1.0","1.0","1.0","1.0","1.0","0.0"
"28","1.0","1.0","0.0","0.0","0.0","0.0","1.0","1.0"
"29","0.0","1.0","0.0","1.0","1.0","0.0","1.0","0.0"
"30","1.0","0.0","1.0","0.0","1.0","1.0","0.0","0.0"
"31","0.0","1.0","0.0","1.0","0.0","1.0","0.0","0.0"
"32","1.0","0.0","1.0","0.0","1.0","0.0","1.0","0.0"
"33","1.0","1.0","1.0","1.0","0.0","1.0","0.0","1.0"
"34","1.0","1.0","0.0","0.0","0.0","0.0","1.0","1.0"
"35","0.0","0.0","0.0","1.0","0.0","0.0","1.0","1.0"
"36","0.0","1.0","0.0","1.0","0.0","0.0","0.0","0.0"
"37","1.0","1.0","1.0","1.0","0.0","1.0","0.0","1.0"
"38","1.0","1.0","0.0","0.0","0.0","0.0","0.0","1.0"
"39","0.0","0.0","1.0","1.0","0.0","1.0","0.0","1.0"
"40","0.0","0.0","1.0","1.0","0.0","0.0","1.0","1.0"
"41","0.0","1.0","0.0","0.0","0.0","1.0","0.0","0.0"
"42","0.0","1.0","0.0","1.0","0.0","1.0","0.0","1.0"
"43","1.0","0.0","0.0","1.0","1.0","0.0","1.0","0.0"
"44","1.0","0.0","1.0","0.0","0.0","1.0","0.0","1.0"
"45","0.0","1.0","0.0","1.0","1.0","0.0","1.0","0.0"
"46","0.0","1.0","0.0","1.0","0.0","0.0","1.0","1.0"
"47","1.0","0.0","1.0","0.0","0.0","1.0","0.0","1.0"
"48","1.0","1.0","0.0","0.0","0.0","0.0","1.0","1.0"
"49","1.0","0.0","0.0","0.0","0.0","1.0","0.0","1.0"
"50","1.0","1.0","0.0","0.0","1.0","0.0","0.0","0.0"
"51","1.0","0.0","1.0","0.0","0.0","1.0","0.0","1.0"
"52","1.0","0.0","1.0","0.0","0.0","1.0","0.0","0.0"
"53","0.0","1.0","0.0","1.0","0.0","1.0","0.0","1.0"
"54","0.0","0.0","1.0","1.0","0.0","0.0","1.0","1.0"
"55","0.0","0.0","1.0","1.0","0.0","0.0","0.0","1.0"
"56","1.0","1.0","0.0","0.0","1.0","1.0","0.0","0.0"
"57","1.0","1.0","1.0","1.0","0.0","1.0","0.0","0.0"
"58","0.0","1.0","0.0","1.0","1.0","0.0","1.0","0.0"
"59","1.0","0.0","1.0","0.0","1.0","0.0","1.0","0.0"
"60","0.0","1.0","0.0","0.0","1.0","0.0","1.0","1.0"
"61","0.0","0.0","1.0","1.0","0.0","1.0","0.0","1.0"
"62","0.0","0.0","1.0","1.0","0.0","0.0","1.0","1.0"
"63","1.0","0.0","1.0","0.0","1.0","0.0","1.0","0.0"
"64","0.0","1.0","0.0","1.0","1.0","0.0","1.0","0.0"
"65","1.0","0.0","1.0","0.0","0.0","1.0","0.0","0.0"
"66","0.0","0.0","1.0","1.0","0.0","0.0","1.0","1.0"
"67","1.0","0.0","1.0","0.0","1.0","1.0","0.0","0.0"
"68","1.0","0.0","1.0","0.0","0.0","0.0","0.0","1.0"
"69","1.0","1.0","0.0","0.0","1.0","1.0","0.0","0.0"
"70","0.0","0.0","1.0","1.0","0.0","0.0","1.0","1.0"
"71","1.0","1.0","0.0","0.0","1.0","1.0","0.0","0.0"
"72","0.0","0.0","1.0","1.0","1.0","1.0","0.0","0.0"
"73","1.0","0.0","0.0","0.0","1.0","1.0","0.0","0.0"
"74","1.0","0.0","1.0","0.0","1.0","1.0","1.0","0.0"
"75","0.0","1.0","0.0","0.0","1.0","0.0","1.0","0.0"
"76","1.0","1.0","0.0","0.0","0.0","0.0","1.0","1.0"
"77","0.0","1.0","0.0","1.0","1.0","0.0","1.0","0.0"
"78","0.0","1.0","0.0","1.0","0.0","1.0","0.0","1.0"
"79","1.0","1.0","0.0","0.0","1.0","0.0","1.0","1.0"
"80","0.0","1.0","0.0","1.0","1.0","0.0","1.0","0.0"
"81","1.0","0.0","1.0","1.0","0.0","1.0","0.0","1.0"
"82","0.0","0.0","1.0","1.0","0.0","0.0","1.0","0.0"
"83","0.0","1.0","0.0","1.0","0.0","1.0","0.0","1.0"
"84","0.0","1.0","0.0","1.0","0.0","0.0","0.0","0.0"
"85","0.0","0.0","0.0","1.0","0.0","0.0","1.0","1.0"
"86","0.0","1.0","0.0","1.0","0.0","1.0","0.0","1.0"
"87","0.0","1.0","0.0","1.0","1.0","0.0","0.0","0.0"
"88","0.0","0.0","0.0","1.0","0.0","0.0","1.0","1.0"
"89","1.0","1.0","0.0","0.0","0.0","0.0","1.0","1.0"
"90","0.0","0.0","1.0","1.0","0.0","1.0","1.0","1.0"
"91","1.0","0.0","1.0","0.0","1.0","1.0","1.0","0.0"
"92","1.0","1.0","0.0","0.0","1.0","1.0","0.0","0.0"
"93","1.0","1.0","0.0","0.0","1.0","1.0","0.0","0.0"
"94","0.0","0.0","0.0","0.0","0.0","0.0","0.0","1.0"
"95","0.0","0.0","1.0","1.0","1.0","1.0","0.0","0.0"
"96","0.0","1.0","1.0","1.0","1.0","0.0","1.0","0.0"
"97","0.0","1.0","0.0","1.0","0.0","1.0","0.0","1.0"
"98","1.0","1.0","0.0","0.0","1.0","1.0","0.0","0.0"
"99","1.0","1.0","0.0","0.0","0.0","0.0","0.0","1.0"
"100","0.0","1.0","0.0","1.0","1.0","0.0","1.0","0.0"
"101","0.0","1.0","0.0","1.0","0.0","1.0","0.0","1.0"
"102","1.0","1.0","0.0","0.0","0.0","0.0","1.0","0.0"
"103","1.0","1.0","0.0","0.0","1.0","1.0","0.0","0.0"
"104","0.0","0.0","1.0","1.0","0.0","0.0","1.0","1.0"
"105","1.0","1.0","1.0","1.0","1.0","0.0","0.0","1.0"
"106","0.0","0.0","0.0","1.0","1.0","1.0","0.0","0.0"
"107","1.0","1.0","1.0","1.0","1.0","0.0","1.0","0.0"
"108","1.0","1.0","0.0","0.0","1.0","1.0","0.0","0.0"
"109","0.0","0.0","0.0","0.0","0.0","1.0","1.0","1.0"
"110","0.0","1.0","0.0","1.0","0.0","0.0","1.0","1.0"
"111","1.0","1.0","1.0","0.0","0.0","1.0","0.0","1.0"
"112","1.0","1.0","0.0","0.0","0.0","0.0","0.0","0.0"
"113","1.0","1.0","0.0","0.0","1.0","1.0","0.0","0.0"
"114","0.0","0.0","1.0","1.0","0.0","0.0","1.0","1.0"
"115","0.0","1.0","0.0","1.0","1.0","0.0","1.0","0.0"
"116","0.0","1.0","1.0","1.0","1.0","0.0","1.0","1.0"
"117","0.0","0.0","1.0","1.0","1.0","1.0","0.0","0.0"
"118","0.0","0.0","1.0","1.0","0.0","0.0","1.0","1.0"
"119","1.0","0.0","1.0","0.0","1.0","0.0","1.0","0.0"
"120","0.0","1.0","0.0","1.0","0.0","0.0","0.0","1.0"
"121","1.0","1.0","0.0","0.0","1.0","1.0","0.0","0.0"
"122","1.0","0.0","1.0","0.0","1.0","0.0","1.0","0.0"
"123","1.0","1.0","0.0","0.0","1.0","1.0","0.0","0.0"
"124","1.0","1.0","0.0","0.0","0.0","0.0","1.0","1.0"
"125","0.0","1.0","0.0","1.0","0.0","1.0","0.0","1.0"
"126","0.0","0.0","0.0","1.0","0.0","1.0","0.0","1.0"
"127","1.0","0.0","1.0","0.0","1.0","1.0","1.0","0.0"
"128","0.0","0.0","1.0","1.0","1.0","1.0","0.0","0.0"
"129","0.0","0.0","1.0","1.0","1.0","0.0","1.0","0.0"
"130","0.0","1.0","0.0","1.0","0.0","1.0","1.0","1.0"
"131","0.0","1.0","0.0","1.0","0.0","1.0","0.0","1.0"
"132","0.0","1.0","0.0","0.0","1.0","0.0","1.0","0.0"
"133","0.0","1.0","0.0","1.0","0.0","1.0","0.0","0.0"
"134","0.0","0.0","0.0","1.0","0.0","0.0","1.0","1.0"
"135","0.0","0.0","1.0","1.0","1.0","1.0","0.0","0.0"
"136","1.0","0.0","1.0","0.0","1.0","0.0","1.0","0.0"
"137","0.0","0.0","0.0","1.0","1.0","0.0","1.0","0.0"
"138","1.0","0.0","1.0","0.0","0.0","0.0","0.0","1.0"
"139","0.0","0.0","1.0","1.0","0.0","0.0","1.0","1.0"
"140","0.0","1.0","0.0","1.0","0.0","1.0","1.0","1.0"
"141","0.0","1.0","0.0","1.0","0.0","1.0","0.0","1.0"
"142","1.0","1.0","0.0","0.0","1.0","1.0","1.0","1.0"
"143","1.0","1.0","1.0","1.0","1.0","1.0","0.0","0.0"
"144","0.0","1.0","0.0","1.0","1.0","0.0","1.0","0.0"
"145","1.0","0.0","1.0","0.0","1.0","0.0","1.0","0.0"
"146","0.0","1.0","0.0","1.0","1.0","0.0","1.0","0.0"
"147","1.0","1.0","0.0","0.0","0.0","0.0","0.0","1.0"
"148","1.0","1.0","1.0","1.0","1.0","1.0","0.0","0.0"
"149","1.0","1.0","0.0","0.0","0.0","0.0","1.0","1.0"
"150","1.0","0.0","1.0","0.0","0.0","1.0","0.0","0.0"
"151","0.0","1.0","0.0","1.0","0.0","0.0","0.0","0.0"
"152","1.0","1.0","0.0","0.0","1.0","1.0","0.0","1.0"
"153","0.0","1.0","1.0","1.0","0.0","1.0","1.0","1.0"
"154","1.0","1.0","0.0","0.0","1.0","1.0","1.0","0.0"
"155","0.0","0.0","1.0","1.0","0.0","0.0","1.0","1.0"
"156","1.0","1.0","0.0","1.0","1.0","0.0","1.0","0.0"
"157","0.0","0.0","1.0","1.0","1.0","1.0","1.0","0.0"
"158","1.0","1.0","0.0","0.0","0.0","0.0","1.0","1.0"
"159","1.0","1.0","1.0","1.0","0.0","0.0","1.0","1.0"
"160","0.0","0.0","1.0","1.0","1.0","1.0","0.0","1.0"
"161","0.0","0.0","1.0","1.0","0.0","0.0","1.0","1.0"
"162","1.0","0.0","0.0","0.0","1.0","1.0","0.0","0.0"
"163","0.0","0.0","1.0","1.0","1.0","1.0","0.0","0.0"
"164","1.0","1.0","1.0","0.0","0.0","0.0","1.0","1.0"
"165","0.0","1.0","0.0","1.0","1.0","0.0","1.0","0.0"
"166","0.0","1.0","0.0","1.0","0.0","1.0","0.0","0.0"
"167","0.0","1.0","0.0","0.0","0.0","0.0","1.0","1.0"
"168","0.0","1.0","0.0","1.0","0.0","1.0","0.0","1.0"
"169","0.0","1.0","0.0","1.0","1.0","0.0","1.0","0.0"
"170","0.0","1.0","0.0","1.0","1.0","1.0","1.0","1.0"
"171","1.0","0.0","1.0","0.0","1.0","0.0","1.0","0.0"
"172","1.0","1.0","0.0","0.0","0.0","0.0","1.0","1.0"
"173","1.0","0.0","1.0","0.0","0.0","1.0","0.0","1.0"
"174","1.0","0.0","1.0","0.0","1.0","0.0","1.0","0.0"
"175","1.0","0.0","1.0","0.0","0.0","1.0","1.0","1.0"
"176","1.0","1.0","0.0","0.0","0.0","0.0","1.0","1.0"
"177","1.0","1.0","0.0","0.0","0.0","0.0","1.0","1.0"
"178","0.0","1.0","1.0","0.0","1.0","0.0","1.0","0.0"
"179","0.0","0.0","1.0","1.0","1.0","1.0","0.0","0.0"
"180","1.0","1.0","1.0","1.0","1.0","0.0","0.0","1.0"
"181","1.0","0.0","1.0","0.0","1.0","0.0","1.0","0.0"
"182","1.0","0.0","1.0","0.0","1.0","0.0","1.0","0.0"
"183","1.0","1.0","0.0","0.0","0.0","0.0","1.0","1.0"
"184","1.0","1.0","0.0","1.0","1.0","1.0","0.0","0.0"
"185","0.0","0.0","1.0","1.0","1.0","1.0","0.0","0.0"
"186","0.0","1.0","0.0","0.0","1.0","0.0","0.0","0.0"
"187","0.0","0.0","1.0","1.0","0.0","0.0","1.0","1.0"
"188","1.0","0.0","1.0","1.0","0.0","0.0","1.0","1.0"
"189","1.0","0.0","1.0","0.0","0.0","1.0","0.0","1.0"
"190","1.0","1.0","0.0","0.0","1.0","1.0","0.0","0.0"
"191","0.0","0.0","1.0","1.0","0.0","0.0","1.0","1.0"
"192","1.0","1.0","0.0","0.0","0.0","0.0","1.0","0.0"
"193","0.0","1.0","0.0","1.0","1.0","1.0","1.0","1.0"
"194","1.0","0.0","1.0","0.0","0.0","1.0","0.0","1.0"
"195","1.0","1.0","1.0","0.0","0.0","0.0","1.0","1.0"
"196","1.0","0.0","1.0","0.0","0.0","0.0","1.0","1.0"
"197","1.0","1.0","0.0","1.0","1.0","1.0","0.0","0.0"
"198","1.0","1.0","1.0","1.0","1.0","0.0","1.0","0.0"
"199","0.0","1.0","0.0","1.0","1.0","0.0","0.0","0.0"
"200","1.0","1.0","1.0","1.0","1.0","0.0","1.0","0.0"
"201","0.0","0.0","0.0","1.0","1.0","1.0","0.0","1.0"
"202","1.0","1.0","0.0","0.0","0.0","0.0","1.0","1.0"
"203","1.0","1.0","0.0","0.0","1.0","1.0","0.0","0.0"
"204","1.0","1.0","1.0","1.0","1.0","1.0","0.0","0.0"
"205","1.0","0.0","0.0","1.0","1.0","0.0","1.0","0.0"
"206","1.0","1.0","0.0","0.0","1.0","1.0","0.0","0.0"
"207","1.0","0.0","1.0","0.0","1.0","0.0","1.0","1.0"
"208","0.0","1.0","0.0","1.0","0.0","1.0","0.0","1.0"
"209","1.0","0.0","1.0","0.0","1.0","0.0","1.0","0.0"
"210","0.0","0.0","1.0","0.0","0.0","0.0","1.0","1.0"
"211","1.0","1.0","0.0","0.0","0.0","0.0","1.0","1.0"
"212","1.0","0.0","1.0","0.0","1.0","0.0","1.0","0.0"
"213","1.0","0.0","0.0","0.0","1.0","1.0","0.0","0.0"
"214","0.0","0.0","1.0","1.0","1.0","1.0","1.0","0.0"
"215","0.0","1.0","0.0","1.0","0.0","1.0","0.0","1.0"
"216","0.0","0.0","1.0","1.0","1.0","1.0","0.0","0.0"
"217","1.0","1.0","1.0","1.0","0.0","0.0","1.0","1.0"
"218","0.0","1.0","0.0","1.0","0.0","1.0","0.0","1.0"
"219","1.0","0.0","1.0","0.0","1.0","0.0","1.0","0.0"
"220","1.0","1.0","0.0","0.0","1.0","1.0","1.0","0.0"
"221","1.0","0.0","1.0","0.0","1.0","0.0","0.0","0.0"
"222","1.0","0.0","0.0","1.0","0.0","1.0","0.0","1.0"
"223","1.0","1.0","0.0","0.0","1.0","1.0","1.0","0.0"
"224","1.0","0.0","1.0","0.0","0.0","1.0","0.0","1.0"
"225","0.0","0.0","1.0","1.0","0.0","0.0","1.0","1.0"
"226","1.0","0.0","1.0","0.0","1.0","0.0","1.0","0.0"
"227","1.0","1.0","0.0","0.0","1.0","1.0","0.0","0.0"
"228","0.0","0.0","1.0","1.0","0.0","0.0","1.0","1.0"
"229","0.0","1.0","0.0","1.0","0.0","1.0","0.0","1.0"
"230","0.0","1.0","0.0","1.0","1.0","1.0","0.0","1.0"
"231","0.0","1.0","1.0","1.0","0.0","0.0","1.0","1.0"
"232","1.0","0.0","1.0","0.0","0.0","1.0","0.0","1.0"
"233","1.0","1.0","0.0","0.0","1.0","1.0","0.0","0.0"
"234","0.0","0.0","1.0","1.0","1.0","0.0","0.0","0.0"
"235","1.0","0.0","1.0","0.0","0.0","1.0","0.0","1.0"
"236","1.0","1.0","0.0","0.0","0.0","0.0","1.0","1.0"
"237","0.0","0.0","1.0","1.0","1.0","1.0","0.0","0.0"
"238","0.0","0.0","1.0","0.0","0.0","0.0","1.0","1.0"
"239","0.0","0.0","1.0","1.0","0.0","0.0","1.0","1.0"
"240","0.0","0.0","1.0","1.0","0.0","1.0","1.0","1.0"
"241","1.0","1.0","0.0","0.0","0.0","0.0","1.0","1.0"
"242","0.0","0.0","0.0","0.0","1.0","1.0","0.0","0.0"
"243","1.0","1.0","0.0","0.0","1.0","1.0","1.0","1.0"
"244","1.0","1.0","0.0","0.0","0.0","0.0","0.0","0.0"
"245","0.0","0.0","1.0","1.0","0.0","0.0","1.0","1.0"
"246","1.0","1.0","0.0","0.0","0.0","0.0","0.0","1.0"
"247","0.0","0.0","1.0","0.0","0.0","1.0","0.0","1.0"
"248","0.0","1.0","0.0","1.0","1.0","0.0","1.0","0.0"
"249","0.0","1.0","0.0","1.0","1.0","0.0","1.0","0.0"
"250","0.0","1.0","1.0","1.0","1.0","1.0","0.0","0.0"
"251","1.0","0.0","1.0","0.0","0.0","1.0","0.0","1.0"
"252","1.0","1.0","0.0","0.0","0.0","0.0","1.0","1.0"
"253","0.0","0.0","1.0","1.0","1.0","1.0","0.0","0.0"
"254","0.0","1.0","0.0","1.0","0.0","1.0","0.0","1.0"
"255","1.0","1.0","0.0","0.0","1.0","1.0","0.0","0.0"
"256","0.0","1.0","0.0","1.0","1.0","1.0","0.0","1.0"
"257","1.0","0.0","1.0","0.0","0.0","0.0","1.0","1.0"
"258","1.0","0.0","1.0","0.0","0.0","1.0","0.0","1.0"
"259","1.0","0.0","0.0","0.0","0.0","1.0","0.0","1.0"
"260","0.0","0.0","1.0","1.0","1.0","1.0","1.0","1.0"
"261","0.0","0.0","0.0","1.0","1.0","1.0","0.0","1.0"
"262","0.0","1.0","0.0","0.0","0.0","0.0","0.0","0.0"
"263","0.0","1.0","0.0","1.0","0.0","1.0","0.0","1.0"
"264","0.0","0.0","1.0","1.0","0.0","0.0","1.0","1.0"
"265","1.0","0.0","1.0","0.0","0.0","1.0","1.0","1.0"
"266","0.0","0.0","1.0","1.0","0.0","1.0","1.0","1.0"
"267","0.0","1.0","0.0","1.0","1.0","0.0","1.0","0.0"
"268","0.0","0.0","0.0","1.0","1.0","0.0","1.0","0.0"
"269","0.0","0.0","1.0","1.0","1.0","1.0","0.0","0.0"
"270","1.0","1.0","1.0","1.0","0.0","1.0","0.0","1.0"
"271","1.0","1.0","0.0","0.0","1.0","1.0","0.0","0.0"
"272","1.0","0.0","1.0","0.0","0.0","1.0","0.0","1.0"
"273","0.0","0.0","1.0","1.0","0.0","1.0","1.0","1.0"
"274","0.0","0.0","1.0","1.0","1.0","1.0","0.0","0.0"
"275","1.0","1.0","1.0","1.0","0.0","0.0","1.0","1.0"
"276","1.0","0.0","1.0","0.0","1.0","0.0","1.0","0.0"
"277","0.0","1.0","0.0","1.0","1.0","0.0","1.0","0.0"
"278","1.0","1.0","0.0","0.0","1.0","1.0","0.0","0.0"
"279","1.0","1.0","0.0","1.0","0.0","0.0","1.0","1.0"
"280","0.0","1.0","0.0","1.0","0.0","1.0","0.0","1.0"
"281","1.0","1.0","0.0","0.0","1.0","1.0","0.0","0.0"
"282","0.0","0.0","1.0","1.0","0.0","0.0","0.0","1.0"
"283","1.0","1.0","0.0","0.0","0.0","1.0","0.0","1.0"
"284","1.0","1.0","0.0","0.0","1.0","1.0","0.0","1.0"
"285","1.0","1.0","0.0","0.0","1.0","1.0","0.0","0.0"
"286","1.0","1.0","0.0","0.0","0.0","0.0","1.0","1.0"
"287","0.0","0.0","1.0","1.0","1.0","1.0","0.0","0.0"
"288","1.0","0.0","1.0","0.0","1.0","0.0","1.0","0.0"
"289","0.0","1.0","0.0","1.0","0.0","1.0","0.0","1.0"
"290","0.0","0.0","1.0","1.0","1.0","1.0","0.0","0.0"
"291","0.0","1.0","1.0","1.0","1.0","0.0","1.0","0.0"
"292","0.0","0.0","1.0","1.0","0.0","0.0","1.0","1.0"
"293","1.0","1.0","0.0","0.0","1.0","1.0","0.0","0.0"
"294","0.0","1.0","0.0","0.0","0.0","1.0","0.0","0.0"
"295","0.0","0.0","1.0","1.0","0.0","0.0","1.0","0.0"
"296","1.0","1.0","0.0","0.0","0.0","0.0","1.0","1.0"
"297","1.0","1.0","0.0","0.0","1.0","1.0","0.0","0.0"
"298","0.0","1.0","0.0","1.0","1.0","0.0","1.0","0.0"
"299","0.0","0.0","1.0","1.0","1.0","1.0","0.0","0.0"
"300","0.0","0.0","1.0","1.0","0.0","0.0","0.0","1.0"
"301","1.0","1.0","0.0","0.0","1.0","1.0","1.0","0.0"
"302","1.0","0.0","1.0","0.0","1.0","1.0","0.0","0.0"
"303","1.0","0.0","1.0","0.0","0.0","1.0","0.0","1.0"
"304","0.0","0.0","1.0","1.0","0.0","0.0","0.0","0.0"
"305","1.0","1.0","0.0","0.0","1.0","0.0","0.0","0.0"
"306","1.0","0.0","0.0","0.0","0.0","1.0","0.0","1.0"
"307","1.0","0.0","1.0","0.0","1.0","0.0","1.0","0.0"
"308","0.0","0.0","1.0","1.0","1.0","1.0","0.0","0.0"
"309","0.0","1.0","0.0","1.0","0.0","1.0","0.0","1.0"
"310","0.0","0.0","0.0","0.0","0.0","0.0","1.0","1.0"
"311","1.0","0.0","0.0","0.0","1.0","1.0","0.0","0.0"
"312","1.0","0.0","1.0","0.0","0.0","1.0","0.0","1.0"
"313","1.0","1.0","0.0","0.0","1.0","1.0","0.0","0.0"
"314","1.0","1.0","0.0","0.0","0.0","0.0","1.0","1.0"
"315","0.0","0.0","0.0","1.0","0.0","1.0","0.0","1.0"
"316","1.0","0.0","1.0","0.0","1.0","0.0","1.0","0.0"
"317","0.0","0.0","1.0","1.0","0.0","0.0","1.0","1.0"
"318","1.0","0.0","1.0","0.0","1.0","0.0","1.0","1.0"
"319","0.0","1.0","0.0","1.0","1.0","0.0","1.0","1.0"
"320","1.0","0.0","1.0","1.0","1.0","0.0","1.0","0.0"
"321","1.0","1.0","0.0","0.0","0.0","0.0","1.0","1.0"
"322","1.0","1.0","0.0","0.0","0.0","0.0","1.0","1.0"
"323","1.0","0.0","1.0","0.0","1.0","0.0","1.0","0.0"
"324","0.0","0.0","1.0","1.0","1.0","1.0","0.0","0.0"
"325","0.0","0.0","0.0","1.0","0.0","1.0","0.0","1.0"
"326","1.0","0.0","1.0","0.0","1.0","0.0","1.0","0.0"
"327","1.0","0.0","1.0","0.0","0.0","1.0","0.0","1.0"
"328","0.0","1.0","0.0","1.0","1.0","0.0","1.0","0.0"
"329","1.0","0.0","1.0","0.0","0.0","1.0","0.0","1.0"
"330","1.0","1.0","0.0","0.0","1.0","1.0","0.0","1.0"
"331","1.0","0.0","1.0","1.0","0.0","1.0","0.0","1.0"
"332","1.0","0.0","1.0","0.0","1.0","0.0","1.0","0.0"
"333","0.0","0.0","0.0","1.0","0.0","0.0","1.0","1.0"
"334","1.0","0.0","1.0","0.0","1.0","0.0","1.0","1.0"
"335","0.0","1.0","0.0","0.0","0.0","1.0","1.0","0.0"
"336","1.0","0.0","1.0","1.0","1.0","0.0","1.0","0.0"
"337","1.0","0.0","1.0","0.0","1.0","0.0","1.0","0.0"
"338","1.0","0.0","1.0","0.0","0.0","1.0","0.0","0.0"
"339","1.0","0.0","0.0","0.0","1.0","1.0","1.0","0.0"
"340","0.0","1.0","0.0","1.0","0.0","1.0","0.0","1.0"
"341","1.0","0.0","1.0","0.0","1.0","1.0","0.0","0.0"
"342","1.0","1.0","0.0","0.0","1.0","0.0","1.0","0.0"
"343","1.0","1.0","1.0","1.0","1.0","0.0","1.0","0.0"
"344","0.0","0.0","1.0","1.0","0.0","0.0","1.0","1.0"
"345","1.0","1.0","0.0","0.0","0.0","0.0","1.0","1.0"
"346","1.0","1.0","0.0","0.0","1.0","1.0","0.0","0.0"
"347","0.0","1.0","0.0","1.0","0.0","1.0","0.0","1.0"
"348","0.0","0.0","0.0","1.0","1.0","0.0","0.0","0.0"
"349","0.0","0.0","1.0","1.0","1.0","1.0","0.0","0.0"
"350","0.0","0.0","1.0","1.0","0.0","0.0","1.0","1.0"
"351","0.0","0.0","1.0","1.0","0.0","0.0","0.0","1.0"
"352","1.0","1.0","1.0","0.0","1.0","1.0","1.0","0.0"
"353","1.0","1.0","0.0","0.0","1.0","1.0","0.0","0.0"
"354","1.0","0.0","1.0","0.0","0.0","1.0","0.0","1.0"
"355","0.0","1.0","0.0","1.0","1.0","0.0","1.0","0.0"
"356","1.0","1.0","0.0","0.0","0.0","0.0","0.0","1.0"
"357","0.0","0.0","1.0","1.0","1.0","1.0","0.0","0.0"
"358","0.0","0.0","1.0","1.0","1.0","1.0","0.0","0.0"
"359","1.0","0.0","1.0","0.0","0.0","1.0","0.0","1.0"
"360","0.0","0.0","1.0","1.0","1.0","1.0","1.0","0.0"
"361","0.0","1.0","0.0","1.0","1.0","1.0","1.0","0.0"
"362","0.0","0.0","1.0","1.0","0.0","0.0","1.0","1.0"
"363","1.0","1.0","0.0","0.0","1.0","1.0","0.0","0.0"
"364","1.0","0.0","1.0","0.0","0.0","0.0","0.0","1.0"
"365","1.0","1.0","0.0","0.0","0.0","0.0","1.0","1.0"
"366","1.0","1.0","0.0","0.0","0.0","0.0","0.0","1.0"
"367","1.0","0.0","1.0","0.0","1.0","0.0","0.0","0.0"
"368","1.0","1.0","0.0","1.0","1.0","1.0","1.0","1.0"
"369","0.0","1.0","0.0","1.0","0.0","1.0","0.0","1.0"
"370","1.0","0.0","1.0","0.0","0.0","1.0","0.0","1.0"
"371","1.0","1.0","0.0","0.0","0.0","1.0","0.0","1.0"
"372","0.0","0.0","1.0","1.0","1.0","1.0","1.0","0.0"
"373","1.0","0.0","1.0","0.0","1.0","0.0","1.0","0.0"
"374","1.0","1.0","1.0","1.0","1.0","1.0","0.0","0.0"
"375","0.0","0.0","1.0","1.0","0.0","0.0","1.0","1.0"
"376","1.0","1.0","1.0","0.0","1.0","1.0","0.0","1.0"
"377","1.0","1.0","1.0","1.0","0.0","1.0","0.0","1.0"
"378","0.0","1.0","0.0","0.0","0.0","0.0","0.0","1.0"
"379","0.0","0.0","0.0","1.0","0.0","1.0","0.0","1.0"
"380","1.0","1.0","1.0","1.0","1.0","0.0","0.0","1.0"
"381","0.0","0.0","1.0","1.0","0.0","0.0","0.0","1.0"
"382","0.0","1.0","0.0","0.0","1.0","0.0","1.0","0.0"
"383","0.0","0.0","1.0","1.0","1.0","0.0","1.0","0.0"
"384","0.0","0.0","0.0","0.0","0.0","1.0","0.0","1.0"
"385","0.0","1.0","0.0","1.0","1.0","0.0","1.0","0.0"
"386","1.0","1.0","1.0","0.0","0.0","1.0","0.0","1.0"
"387","1.0","0.0","1.0","0.0","0.0","1.0","1.0","1.0"
"388","0.0","0.0","1.0","1.0","0.0","0.0","1.0","1.0"
"389","1.0","1.0","0.0","0.0","1.0","1.0","0.0","0.0"
"390","0.0","1.0","0.0","1.0","1.0","0.0","1.0","0.0"
"391","0.0","1.0","0.0","1.0","0.0","1.0","0.0","1.0"
"392","1.0","0.0","1.0","0.0","0.0","1.0","0.0","1.0"
"393","1.0","1.0","0.0","0.0","1.0","0.0","0.0","0.0"
"394","0.0","1.0","0.0","1.0","0.0","0.0","1.0","1.0"
"395","1.0","1.0","0.0","0.0","1.0","1.0","0.0","0.0"
"396","0.0","1.0","1.0","1.0","0.0","0.0","1.0","1.0"
"397","1.0","1.0","0.0","0.0","1.0","1.0","0.0","1.0"
"398","1.0","1.0","0.0","0.0","0.0","0.0","1.0","1.0"
"399","0.0","0.0","1.0","0.0","1.0","1.0","0.0","0.0"
"400","0.0","0.0","1.0","1.0","0.0","0.0","1.0","1.0"
"401","0.0","0.0","1.0","1.0","0.0","0.0","1.0","1.0"
"402","0.0","1.0","0.0","1.0","1.0","0.0","1.0","0.0"
"403","1.0","1.0","0.0","0.0","1.0","1.0","0.0","0.0"
"404","0.0","0.0","1.0","1.0","0.0","0.0","1.0","1.0"
"405","0.0","1.0","0.0","1.0","0.0","0.0","0.0","0.0"
"406","0.0","0.0","1.0","1.0","1.0","1.0","0.0","0.0"
"407","1.0","1.0","0.0","0.0","0.0","0.0","1.0","1.0"
"408","0.0","1.0","0.0","1.0","1.0","0.0","1.0","0.0"
"409","0.0","1.0","0.0","1.0","1.0","0.0","1.0","0.0"
"410","1.0","1.0","0.0","0.0","1.0","1.0","0.0","0.0"
"411","1.0","0.0","1.0","0.0","0.0","1.0","0.0","1.0"
"412","1.0","0.0","1.0","0.0","1.0","0.0","1.0","0.0"
"413","1.0","0.0","1.0","0.0","0.0","0.0","1.0","1.0"
"414","0.0","0.0","1.0","1.0","0.0","0.0","1.0","1.0"
"415","1.0","0.0","0.0","0.0","1.0","0.0","1.0","0.0"
"416","1.0","0.0","1.0","0.0","0.0","1.0","0.0","1.0"
"417","0.0","0.0","1.0","1.0","1.0","1.0","0.0","0.0"
"418","0.0","1.0","0.0","1.0","1.0","0.0","0.0","1.0"
"419","0.0","0.0","1.0","1.0","0.0","0.0","1.0","1.0"
"420","0.0","0.0","1.0","1.0","1.0","0.0","1.0","0.0"
"421","0.0","0.0","1.0","1.0","0.0","0.0","0.0","1.0"
"422","0.0","1.0","0.0","1.0","1.0","0.0","1.0","0.0"
"423","0.0","0.0","1.0","1.0","0.0","1.0","1.0","1.0"
"424","0.0","0.0","1.0","1.0","1.0","1.0","0.0","0.0"
"425","0.0","1.0","0.0","1.0","0.0","1.0","0.0","1.0"
"426","0.0","1.0","0.0","1.0","1.0","1.0","0.0","1.0"
"427","0.0","1.0","0.0","1.0","1.0","0.0","0.0","1.0"
"428","0.0","1.0","0.0","1.0","0.0","1.0","0.0","1.0"
"429","1.0","0.0","0.0","0.0","0.0","0.0","1.0","1.0"
"430","1.0","1.0","0.0","0.0","1.0","1.0","0.0","0.0"
"431","1.0","1.0","1.0","0.0","1.0","1.0","1.0","0.0"
"432","1.0","1.0","1.0","0.0","0.0","1.0","0.0","1.0"
"433","0.0","0.0","1.0","1.0","1.0","1.0","0.0","0.0"
"434","1.0","0.0","1.0","0.0","0.0","1.0","0.0","1.0"
"435","1.0","1.0","0.0","0.0","1.0","1.0","0.0","0.0"
"436","1.0","0.0","0.0","1.0","1.0","0.0","1.0","0.0"
"437","0.0","0.0","0.0","1.0","0.0","0.0","1.0","1.0"
"438","1.0","0.0","1.0","0.0","1.0","0.0","1.0","0.0"
"439","0.0","1.0","0.0","1.0","0.0","1.0","0.0","1.0"
"440","0.0","0.0","1.0","1.0","0.0","0.0","1.0","1.0"
"441","1.0","0.0","1.0","0.0","0.0","1.0","0.0","1.0"
"442","1.0","1.0","0.0","0.0","1.0","1.0","0.0","0.0"
"443","1.0","1.0","0.0","0.0","1.0","1.0","0.0","0.0"
"444","1.0","1.0","0.0","0.0","1.0","1.0","0.0","0.0"
"445","0.0","1.0","0.0","1.0","0.0","1.0","0.0","1.0"
"446","1.0","0.0","1.0","0.0","1.0","0.0","0.0","1.0"
"447","0.0","0.0","1.0","1.0","0.0","0.0","1.0","1.0"
"448","1.0","0.0","1.0","0.0","1.0","0.0","1.0","0.0"
"449","1.0","1.0","0.0","1.0","0.0","0.0","1.0","1.0"
"450","1.0","0.0","1.0","0.0","1.0","0.0","1.0","0.0"
"451","0.0","0.0","1.0","0.0","0.0","1.0","0.0","1.0"
"452","1.0","0.0","1.0","0.0","0.0","1.0","0.0","1.0"
"453","1.0","1.0","0.0","0.0","1.0","1.0","0.0","1.0"
"454","0.0","1.0","0.0","1.0","0.0","1.0","0.0","1.0"
"455","0.0","0.0","1.0","1.0","1.0","0.0","1.0","1.0"
"456","0.0","0.0","1.0","1.0","0.0","0.0","1.0","1.0"
"457","0.0","0.0","1.0","1.0","0.0","0.0","1.0","1.0"
"458","0.0","0.0","0.0","0.0","0.0","1.0","0.0","1.0"
"459","0.0","0.0","1.0","1.0","0.0","0.0","1.0","1.0"
"460","1.0","1.0","0.0","0.0","1.0","1.0","0.0","0.0"
"461","1.0","0.0","0.0","1.0","0.0","1.0","1.0","0.0"
"462","0.0","1.0","0.0","1.0","1.0","0.0","1.0","1.0"
"463","0.0","0.0","0.0","1.0","1.0","1.0","0.0","0.0"
"464","1.0","0.0","1.0","1.0","0.0","1.0","0.0","1.0"
"465","1.0","0.0","1.0","0.0","0.0","1.0","0.0","1.0"
"466","1.0","1.0","0.0","0.0","1.0","1.0","0.0","0.0"
"467","1.0","0.0","1.0","0.0","1.0","0.0","1.0","0.0"
"468","0.0","1.0","0.0","0.0","1.0","0.0","1.0","0.0"
"469","0.0","1.0","1.0","1.0","1.0","0.0","0.0","0.0"
"470","0.0","1.0","0.0","1.0","0.0","1.0","0.0","1.0"
"471","1.0","0.0","1.0","0.0","0.0","1.0","0.0","1.0"
"472","0.0","1.0","0.0","1.0","1.0","0.0","1.0","0.0"
"473","1.0","1.0","1.0","0.0","0.0","0.0","1.0","1.0"
"474","1.0","0.0","1.0","0.0","0.0","1.0","0.0","1.0"
"475","1.0","0.0","1.0","0.0","1.0","0.0","1.0","0.0"
"476","1.0","1.0","0.0","0.0","1.0","1.0","0.0","0.0"
"477","0.0","0.0","1.0","1.0","1.0","1.0","0.0","0.0"
"478","1.0","0.0","1.0","0.0","0.0","1.0","0.0","1.0"
"479","1.0","0.0","1.0","0.0","1.0","0.0","1.0","0.0"
"480","1.0","1.0","1.0","1.0","1.0","0.0","1.0","0.0"
"481","1.0","1.0","1.0","1.0","1.0","1.0","0.0","1.0"
"482","1.0","0.0","1.0","0.0","0.0","1.0","0.0","1.0"
"483","1.0","0.0","1.0","0.0","1.0","0.0","1.0","0.0"
"484","0.0","1.0","0.0","1.0","1.0","1.0","0.0","0.0"
"485","0.0","0.0","1.0","1.0","0.0","0.0","1.0","1.0"
"486","0.0","0.0","1.0","1.0","0.0","0.0","1.0","1.0"
"487","0.0","0.0","1.0","1.0","1.0","1.0","1.0","0.0"
"488","1.0","0.0","1.0","0.0","0.0","1.0","0.0","1.0"
"489","1.0","1.0","0.0","0.0","0.0","0.0","1.0","1.0"
"490","0.0","1.0","0.0","0.0","0.0","1.0","0.0","1.0"
"491","0.0","0.0","1.0","1.0","1.0","1.0","0.0","0.0"
"492","0.0","1.0","0.0","1.0","1.0","0.0","1.0","0.0"
"493","0.0","0.0","0.0","1.0","1.0","0.0","0.0","0.0"
"494","1.0","1.0","0.0","0.0","1.0","1.0","0.0","0.0"
"495","1.0","0.0","1.0","0.0","1.0","0.0","1.0","0.0"
"496","0.0","1.0","0.0","1.0","0.0","1.0","0.0","1.0"
"497","1.0","0.0","0.0","1.0","1.0","0.0","1.0","0.0"
"498","1.0","0.0","1.0","1.0","1.0","1.0","0.0","0.0"
"499","0.0","0.0","1.0","1.0","1.0","1.0","0.0","0.0"
"500","1.0","0.0","1.0","0.0","1.0","0.0","1.0","0.0"
"501","0.0","1.0","0.0","1.0","1.0","0.0","1.0","0.0"
"502","0.0","0.0","1.0","1.0","0.0","0.0","0.0","1.0"
"503","1.0","1.0","1.0","1.0","0.0","1.0","0.0","1.0"
"504","0.0","1.0","0.0","1.0","1.0","0.0","1.0","0.0"
"505","0.0","1.0","1.0","1.0","0.0","0.0","0.0","1.0"
"506","1.0","0.0","1.0","0.0","1.0","0.0","1.0","0.0"
"507","0.0","1.0","0.0","1.0","1.0","0.0","1.0","0.0"
"508","0.0","0.0","1.0","1.0","1.0","1.0","0.0","0.0"
"509","1.0","1.0","0.0","0.0","1.0","1.0","0.0","0.0"
"510","1.0","0.0","1.0","0.0","0.0","1.0","0.0","1.0"
"511","0.0","1.0","0.0","1.0","0.0","1.0","0.0","1.0"
"512","0.0","1.0","0.0","1.0","0.0","1.0","0.0","1.0"
"513","0.0","1.0","0.0","0.0","1.0","0.0","1.0","0.0"
"514","0.0","1.0","1.0","0.0","1.0","0.0","1.0","0.0"
"515","1.0","0.0","1.0","0.0","1.0","1.0","1.0","1.0"
"516","0.0","0.0","1.0","1.0","0.0","0.0","1.0","1.0"
"517","0.0","0.0","1.0","1.0","1.0","1.0","0.0","0.0"
"518","1.0","1.0","0.0","0.0","0.0","0.0","1.0","1.0"
"519","0.0","0.0","1.0","1.0","1.0","1.0","0.0","0.0"
"520","0.0","0.0","1.0","1.0","0.0","0.0","1.0","1.0"
"521","1.0","0.0","1.0","0.0","1.0","0.0","1.0","0.0"
"522","0.0","0.0","1.0","1.0","0.0","0.0","1.0","1.0"
"523","1.0","0.0","1.0","1.0","0.0","0.0","0.0","0.0"
"524","1.0","1.0","0.0","1.0","0.0","1.0","0.0","1.0"
"525","1.0","1.0","0.0","0.0","1.0","1.0","0.0","0.0"
"526","0.0","0.0","1.0","1.0","0.0","0.0","1.0","1.0"
"527","1.0","0.0","1.0","0.0","1.0","0.0","1.0","0.0"
"528","1.0","1.0","0.0","0.0","1.0","1.0","0.0","1.0"
"529","0.0","1.0","0.0","1.0","1.0","1.0","1.0","1.0"
"530","0.0","0.0","1.0","1.0","0.0","1.0","1.0","1.0"
"531","1.0","0.0","1.0","0.0","1.0","0.0","1.0","0.0"
"532","1.0","1.0","0.0","0.0","1.0","1.0","0.0","0.0"
"533","0.0","1.0","1.0","1.0","1.0","0.0","1.0","0.0"
"534","0.0","1.0","0.0","1.0","1.0","0.0","1.0","0.0"
"535","0.0","0.0","1.0","1.0","0.0","0.0","1.0","0.0"
"536","0.0","1.0","0.0","1.0","0.0","1.0","0.0","1.0"
"537","1.0","0.0","1.0","0.0","1.0","1.0","0.0","0.0"
"538","0.0","0.0","1.0","1.0","0.0","0.0","1.0","1.0"
"539","0.0","0.0","1.0","0.0","0.0","0.0","1.0","1.0"
"540","0.0","0.0","1.0","1.0","1.0","1.0","0.0","0.0"
"541","0.0","0.0","1.0","1.0","0.0","0.0","1.0","0.0"
"542","0.0","0.0","1.0","1.0","0.0","0.0","1.0","1.0"
"543","0.0","1.0","0.0","1.0","0.0","0.0","0.0","0.0"
"544","0.0","1.0","0.0","1.0","1.0","0.0","1.0","0.0"
"545","0.0","1.0","0.0","1.0","1.0","0.0","1.0","0.0"
"546","1.0","0.0","1.0","0.0","0.0","1.0","0.0","0.0"
"547","0.0","1.0","0.0","1.0","0.0","1.0","0.0","1.0"
"548","1.0","0.0","0.0","1.0","1.0","0.0","1.0","0.0"
"549","1.0","1.0","1.0","0.0","1.0","1.0","0.0","0.0"
"550","0.0","1.0","0.0","1.0","0.0","1.0","0.0","1.0"
"551","1.0","0.0","1.0","0.0","1.0","0.0","1.0","0.0"
"552","0.0","1.0","0.0","1.0","1.0","0.0","1.0","0.0"
"553","1.0","1.0","0.0","0.0","1.0","1.0","0.0","0.0"
"554","0.0","1.0","1.0","1.0","1.0","0.0","1.0","0.0"
"555","1.0","0.0","1.0","0.0","1.0","0.0","1.0","0.0"
"556","0.0","1.0","0.0","1.0","1.0","0.0","1.0","0.0"
"557","0.0","0.0","1.0","1.0","1.0","1.0","0.0","0.0"
"558","0.0","0.0","0.0","0.0","1.0","0.0","1.0","0.0"
"559","0.0","0.0","1.0","1.0","0.0","0.0","0.0","0.0"
"560","1.0","1.0","0.0","0.0","1.0","1.0","0.0","0.0"
"561","1.0","1.0","0.0","0.0","0.0","0.0","1.0","1.0"
"562","1.0","0.0","1.0","1.0","1.0","0.0","1.0","0.0"
"563","1.0","0.0","1.0","0.0","1.0","0.0","1.0","0.0"
"564","1.0","1.0","1.0","0.0","1.0","1.0","0.0","1.0"
"565","0.0","1.0","0.0","1.0","0.0","1.0","0.0","0.0"
"566","1.0","0.0","1.0","0.0","1.0","0.0","1.0","0.0"
"567","1.0","1.0","0.0","0.0","1.0","0.0","1.0","0.0"
"568","0.0","0.0","1.0","1.0","1.0","1.0","1.0","0.0"
"569","1.0","1.0","1.0","1.0","1.0","0.0","1.0","0.0"
"570","1.0","0.0","1.0","0.0","0.0","0.0","1.0","1.0"
"571","0.0","0.0","1.0","1.0","1.0","0.0","0.0","0.0"
"572","0.0","1.0","0.0","1.0","1.0","0.0","1.0","1.0"
"573","0.0","0.0","1.0","1.0","0.0","0.0","1.0","1.0"
"574","0.0","0.0","0.0","0.0","1.0","1.0","0.0","0.0"
"575","1.0","1.0","0.0","0.0","1.0","1.0","0.0","0.0"
"576","0.0","0.0","1.0","1.0","0.0","0.0","1.0","1.0"
"577","1.0","1.0","0.0","0.0","1.0","1.0","0.0","0.0"
"578","0.0","0.0","1.0","1.0","0.0","0.0","1.0","1.0"
"579","1.0","0.0","1.0","0.0","1.0","1.0","1.0","1.0"
"580","0.0","0.0","0.0","0.0","1.0","1.0","1.0","1.0"
"581","0.0","1.0","0.0","1.0","1.0","0.0","1.0","0.0"
"582","0.0","0.0","1.0","1.0","1.0","1.0","0.0","0.0"
"583","1.0","0.0","1.0","0.0","0.0","1.0","0.0","1.0"
"584","1.0","0.0","1.0","0.0","1.0","0.0","1.0","0.0"
"585","0.0","0.0","1.0","1.0","0.0","0.0","1.0","1.0"
"586","1.0","1.0","0.0","0.0","0.0","1.0","1.0","1.0"
"587","0.0","1.0","0.0","1.0","0.0","1.0","0.0","1.0"
"588","1.0","0.0","1.0","0.0","1.0","1.0","1.0","1.0"
"589","0.0","0.0","1.0","1.0","0.0","0.0","1.0","1.0"
"590","0.0","1.0","1.0","1.0","0.0","0.0","1.0","1.0"
"591","0.0","0.0","1.0","1.0","0.0","0.0","1.0","1.0"
"592","0.0","1.0","0.0","1.0","1.0","0.0","1.0","0.0"
"593","1.0","0.0","1.0","1.0","1.0","0.0","1.0","0.0"
"594","0.0","1.0","0.0","1.0","0.0","1.0","0.0","1.0"
"595","1.0","1.0","0.0","0.0","0.0","0.0","1.0","1.0"
"596","1.0","0.0","1.0","0.0","1.0","1.0","1.0","0.0"
"597","1.0","0.0","1.0","0.0","0.0","1.0","0.0","1.0"
"598","0.0","0.0","1.0","0.0","1.0","0.0","1.0","0.0"
"599","0.0","1.0","1.0","1.0","0.0","1.0","0.0","0.0"
"600","1.0","1.0","0.0","0.0","0.0","0.0","1.0","1.0"
"601","0.0","0.0","1.0","1.0","0.0","0.0","1.0","1.0"
"602","1.0","0.0","1.0","0.0","1.0","0.0","1.0","0.0"
"603","1.0","1.0","0.0","0.0","0.0","0.0","0.0","1.0"
"604","1.0","0.0","0.0","1.0","1.0","1.0","1.0","1.0"
"605","1.0","0.0","1.0","0.0","0.0","1.0","0.0","1.0"
"606","0.0","0.0","1.0","1.0","1.0","1.0","0.0","0.0"
"607","1.0","1.0","1.0","0.0","0.0","1.0","0.0","1.0"
"608","1.0","1.0","1.0","0.0","1.0","0.0","1.0","0.0"
"609","1.0","1.0","0.0","0.0","1.0","1.0","0.0","0.0"
"610","1.0","0.0","1.0","0.0","1.0","0.0","1.0","0.0"
"611","1.0","0.0","0.0","0.0","0.0","0.0","1.0","1.0"
"612","1.0","1.0","0.0","0.0","0.0","0.0","1.0","1.0"
"613","0.0","1.0","1.0","0.0","1.0","0.0","1.0","0.0"
"614","0.0","1.0","1.0","0.0","0.0","1.0","0.0","1.0"
"615","0.0","0.0","0.0","0.0","0.0","1.0","0.0","1.0"
"616","0.0","1.0","1.0","1.0","1.0","1.0","0.0","1.0"
"617","0.0","0.0","1.0","1.0","1.0","1.0","0.0","0.0"
"618","1.0","1.0","0.0","0.0","0.0","0.0","1.0","1.0"
"619","1.0","0.0","1.0","0.0","1.0","0.0","0.0","0.0"
"620","1.0","0.0","1.0","0.0","1.0","0.0","1.0","0.0"
"621","1.0","0.0","1.0","0.0","1.0","1.0","0.0","0.0"
"622","1.0","1.0","0.0","0.0","0.0","0.0","1.0","1.0"
"623","0.0","0.0","1.0","1.0","1.0","1.0","0.0","0.0"
"624","0.0","0.0","1.0","1.0","1.0","1.0","0.0","0.0"
"625","0.0","0.0","1.0","1.0","1.0","0.0","0.0","0.0"
"626","0.0","1.0","0.0","1.0","1.0","1.0","1.0","0.0"
"627","1.0","0.0","0.0","0.0","1.0","0.0","1.0","0.0"
"628","0.0","1.0","0.0","1.0","0.0","1.0","0.0","1.0"
"629","1.0","1.0","0.0","0.0","0.0","0.0","1.0","1.0"
"630","0.0","1.0","0.0","1.0","1.0","0.0","1.0","0.0"
"631","1.0","1.0","1.0","1.0","1.0","1.0","1.0","1.0"
"632","1.0","1.0","0.0","0.0","0.0","0.0","1.0","1.0"
"633","0.0","1.0","0.0","1.0","1.0","0.0","1.0","0.0"
"634","1.0","1.0","0.0","0.0","0.0","0.0","1.0","1.0"
"635","1.0","1.0","0.0","0.0","0.0","0.0","1.0","1.0"
"636","1.0","0.0","1.0","0.0","1.0","0.0","1.0","0.0"
"637","0.0","0.0","1.0","1.0","0.0","0.0","1.0","1.0"
"638","0.0","0.0","1.0","1.0","0.0","0.0","1.0","1.0"
"639","1.0","0.0","1.0","0.0","0.0","1.0","0.0","1.0"
"640","1.0","0.0","1.0","0.0","0.0","1.0","0.0","1.0"
"641","1.0","1.0","0.0","0.0","0.0","0.0","1.0","1.0"
"642","1.0","0.0","0.0","0.0","1.0","1.0","0.0","0.0"
"643","0.0","0.0","0.0","0.0","1.0","0.0","1.0","0.0"
"644","0.0","1.0","0.0","0.0","1.0","0.0","1.0","0.0"
"645","0.0","1.0","0.0","1.0","1.0","0.0","1.0","0.0"
"646","1.0","1.0","0.0","0.0","1.0","1.0","0.0","0.0"
"647","0.0","0.0","1.0","1.0","1.0","1.0","0.0","0.0"
"648","0.0","0.0","1.0","1.0","1.0","1.0","0.0","0.0"
"649","0.0","0.0","1.0","1.0","1.0","1.0","1.0","0.0"
"650","0.0","1.0","0.0","1.0","0.0","1.0","0.0","1.0"
"651","1.0","1.0","1.0","0.0","0.0","0.0","1.0","1.0"
"652","0.0","0.0","1.0","1.0","1.0","1.0","0.0","0.0"
"653","1.0","0.0","0.0","0.0","1.0","1.0","0.0","0.0"
"654","1.0","0.0","1.0","0.0","0.0","1.0","0.0","1.0"
"655","1.0","0.0","1.0","0.0","1.0","0.0","1.0","0.0"
"656","1.0","0.0","1.0","0.0","1.0","0.0","1.0","1.0"
"657","0.0","1.0","0.0","1.0","1.0","0.0","1.0","0.0"
"658","1.0","0.0","1.0","0.0","1.0","1.0","0.0","0.0"
"659","0.0","1.0","0.0","1.0","1.0","0.0","1.0","0.0"
"660","0.0","0.0","1.0","1.0","0.0","1.0","1.0","1.0"
"661","1.0","0.0","1.0","0.0","0.0","1.0","0.0","1.0"
"662","0.0","1.0","0.0","1.0","0.0","1.0","0.0","1.0"
"663","0.0","1.0","0.0","1.0","1.0","0.0","1.0","0.0"
"664","0.0","0.0","1.0","1.0","0.0","0.0","1.0","1.0"
"665","0.0","0.0","0.0","1.0","1.0","0.0","1.0","0.0"
"666","1.0","1.0","0.0","0.0","0.0","0.0","1.0","1.0"
"667","0.0","1.0","1.0","1.0","0.0","0.0","1.0","1.0"
"668","0.0","1.0","1.0","0.0","0.0","1.0","0.0","1.0"
"669","0.0","1.0","0.0","1.0","1.0","0.0","1.0","0.0"
"670","0.0","1.0","0.0","1.0","0.0","1.0","0.0","1.0"
"671","0.0","0.0","1.0","1.0","0.0","0.0","1.0","1.0"
"672","1.0","0.0","1.0","0.0","0.0","1.0","0.0","1.0"
"673","1.0","0.0","1.0","1.0","0.0","1.0","0.0","0.0"
"674","1.0","0.0","1.0","0.0","1.0","0.0","1.0","0.0"
"675","1.0","1.0","0.0","0.0","1.0","1.0","0.0","0.0"
"676","0.0","1.0","0.0","1.0","1.0","0.0","1.0","0.0"
"677","1.0","0.0","1.0","0.0","1.0","0.0","1.0","0.0"
"678","0.0","1.0","0.0","1.0","1.0","0.0","1.0","0.0"
"679","0.0","1.0","0.0","1.0","0.0","1.0","0.0","1.0"
"680","0.0","1.0","0.0","1.0","1.0","0.0","1.0","0.0"
"681","0.0","1.0","0.0","1.0","0.0","1.0","0.0","1.0"
"682","1.0","1.0","0.0","0.0","1.0","1.0","0.0","0.0"
"683","1.0","0.0","1.0","0.0","0.0","1.0","0.0","1.0"
"684","1.0","1.0","0.0","0.0","1.0","1.0","1.0","0.0"
"685","1.0","1.0","0.0","0.0","0.0","1.0","0.0","1.0"
"686","0.0","0.0","1.0","1.0","0.0","0.0","1.0","1.0"
"687","0.0","1.0","0.0","1.0","0.0","1.0","0.0","1.0"
"688","1.0","1.0","1.0","1.0","1.0","1.0","0.0","0.0"
"689","1.0","1.0","0.0","0.0","0.0","0.0","0.0","1.0"
"690","1.0","1.0","0.0","0.0","1.0","1.0","0.0","0.0"
"691","1.0","0.0","1.0","0.0","0.0","1.0","1.0","0.0"
"692","0.0","0.0","1.0","1.0","1.0","1.0","0.0","1.0"
"693","1.0","0.0","0.0","1.0","0.0","1.0","0.0","1.0"
"694","0.0","0.0","1.0","1.0","1.0","1.0","1.0","0.0"
"695","1.0","1.0","0.0","0.0","0.0","0.0","1.0","1.0"
"696","1.0","1.0","0.0","0.0","1.0","1.0","0.0","0.0"
"697","0.0","1.0","0.0","1.0","0.0","1.0","0.0","1.0"
"698","0.0","1.0","0.0","1.0","0.0","1.0","0.0","1.0"
"699","1.0","0.0","1.0","0.0","1.0","1.0","0.0","1.0"
"700","1.0","0.0","1.0","0.0","1.0","0.0","1.0","0.0"
"701","0.0","0.0","1.0","1.0","0.0","0.0","1.0","1.0"
"702","1.0","1.0","0.0","0.0","0.0","0.0","1.0","1.0"
"703","1.0","0.0","1.0","0.0","0.0","1.0","0.0","1.0"
"704","0.0","1.0","0.0","1.0","0.0","1.0","0.0","1.0"
"705","1.0","0.0","1.0","1.0","0.0","1.0","1.0","1.0"
"706","0.0","1.0","0.0","1.0","0.0","1.0","0.0","1.0"
"707","0.0","1.0","0.0","1.0","0.0","1.0","0.0","1.0"
"708","1.0","1.0","0.0","0.0","0.0","0.0","0.0","1.0"
"709","1.0","0.0","1.0","0.0","0.0","1.0","0.0","1.0"
"710","1.0","1.0","0.0","0.0","1.0","1.0","0.0","0.0"
"711","0.0","1.0","1.0","0.0","0.0","1.0","0.0","1.0"
"712","1.0","0.0","1.0","0.0","1.0","0.0","1.0","0.0"
"713","1.0","1.0","0.0","0.0","0.0","0.0","0.0","1.0"
"714","0.0","1.0","0.0","1.0","0.0","1.0","0.0","1.0"
"715","0.0","1.0","0.0","1.0","0.0","1.0","0.0","1.0"
"716","0.0","1.0","0.0","1.0","0.0","0.0","0.0","1.0"
"717","0.0","0.0","1.0","1.0","0.0","0.0","0.0","1.0"
"718","0.0","0.0","0.0","0.0","1.0","0.0","1.0","1.0"
"719","1.0","0.0","1.0","0.0","1.0","0.0","1.0","0.0"
"720","0.0","1.0","0.0","0.0","1.0","1.0","0.0","0.0"
"721","1.0","0.0","1.0","0.0","1.0","0.0","1.0","0.0"
"722","0.0","0.0","1.0","1.0","0.0","0.0","1.0","1.0"
"723","0.0","0.0","1.0","1.0","0.0","0.0","0.0","1.0"
"724","0.0","0.0","1.0","1.0","1.0","1.0","0.0","0.0"
"725","0.0","1.0","0.0","1.0","0.0","1.0","0.0","1.0"
"726","1.0","0.0","1.0","0.0","1.0","0.0","1.0","0.0"
"727","0.0","1.0","0.0","1.0","1.0","0.0","1.0","0.0"
"728","1.0","0.0","0.0","0.0","1.0","0.0","0.0","0.0"
"729","1.0","1.0","0.0","0.0","1.0","1.0","1.0","0.0"
"730","1.0","0.0","1.0","0.0","1.0","0.0","1.0","0.0"
"731","0.0","0.0","1.0","1.0","0.0","0.0","1.0","1.0"
"732","1.0","0.0","1.0","0.0","1.0","0.0","1.0","1.0"
"733","0.0","0.0","0.0","0.0","1.0","0.0","1.0","0.0"
"734","0.0","1.0","0.0","1.0","1.0","0.0","1.0","0.0"
"735","1.0","0.0","1.0","0.0","0.0","1.0","0.0","1.0"
"736","1.0","1.0","0.0","0.0","1.0","1.0","0.0","0.0"
"737","0.0","1.0","0.0","0.0","1.0","0.0","1.0","0.0"
"738","1.0","1.0","0.0","0.0","0.0","0.0","1.0","1.0"
"739","1.0","0.0","0.0","0.0","1.0","0.0","1.0","0.0"
"740","1.0","1.0","0.0","0.0","1.0","0.0","1.0","1.0"
"741","1.0","0.0","1.0","0.0","1.0","1.0","0.0","0.0"
"742","1.0","1.0","0.0","1.0","1.0","1.0","1.0","0.0"
"743","0.0","0.0","1.0","1.0","1.0","1.0","0.0","0.0"
"744","1.0","1.0","1.0","1.0","1.0","1.0","0.0","0.0"
"745","1.0","1.0","0.0","0.0","0.0","0.0","1.0","1.0"
"746","1.0","1.0","1.0","1.0","1.0","0.0","1.0","0.0"
"747","1.0","1.0","0.0","0.0","0.0","0.0","1.0","0.0"
"748","0.0","0.0","1.0","1.0","1.0","0.0","0.0","0.0"
"749","1.0","1.0","1.0","1.0","1.0","0.0","1.0","0.0"
"750","1.0","1.0","0.0","1.0","1.0","1.0","0.0","0.0"
"751","1.0","0.0","1.0","0.0","1.0","0.0","1.0","0.0"
"752","0.0","1.0","0.0","1.0","0.0","1.0","0.0","1.0"
"753","0.0","0.0","0.0","0.0","0.0","1.0","0.0","1.0"
"754","0.0","1.0","1.0","1.0","0.0","1.0","0.0","1.0"
"755","1.0","0.0","0.0","1.0","1.0","0.0","0.0","0.0"
"756","1.0","1.0","0.0","0.0","1.0","1.0","0.0","0.0"
"757","0.0","0.0","1.0","1.0","1.0","1.0","1.0","0.0"
"758","1.0","0.0","1.0","1.0","1.0","1.0","1.0","1.0"
"759","0.0","0.0","1.0","1.0","0.0","0.0","1.0","1.0"
"760","1.0","0.0","1.0","0.0","0.0","1.0","0.0","1.0"
"761","1.0","1.0","0.0","1.0","0.0","1.0","0.0","1.0"
"762","1.0","1.0","1.0","0.0","1.0","1.0","1.0","1.0"
"763","1.0","0.0","1.0","1.0","1.0","0.0","1.0","0.0"
"764","0.0","1.0","0.0","1.0","0.0","1.0","0.0","1.0"
"765","0.0","1.0","0.0","1.0","1.0","0.0","1.0","0.0"
"766","0.0","1.0","1.0","1.0","1.0","1.0","1.0","0.0"
"767","0.0","0.0","1.0","1.0","1.0","0.0","0.0","0.0"
"768","1.0","0.0","0.0","0.0","1.0","1.0","0.0","0.0"
"769","1.0","1.0","1.0","0.0","0.0","0.0","0.0","1.0"
"770","1.0","1.0","0.0","0.0","1.0","1.0","0.0","0.0"
"771","0.0","0.0","1.0","1.0","0.0","1.0","0.0","1.0"
"772","1.0","1.0","0.0","0.0","1.0","1.0","0.0","0.0"
"773","0.0","1.0","0.0","1.0","0.0","1.0","0.0","0.0"
"774","0.0","0.0","0.0","0.0","0.0","1.0","0.0","1.0"
"775","1.0","0.0","1.0","1.0","0.0","1.0","0.0","1.0"
"776","1.0","1.0","1.0","0.0","1.0","0.0","1.0","0.0"
"777","0.0","1.0","0.0","1.0","1.0","0.0","1.0","0.0"
"778","0.0","1.0","0.0","0.0","1.0","0.0","1.0","0.0"
"779","0.0","0.0","1.0","1.0","1.0","1.0","0.0","0.0"
"780","1.0","1.0","0.0","0.0","0.0","0.0","1.0","1.0"
"781","1.0","0.0","1.0","0.0","0.0","1.0","0.0","1.0"
"782","1.0","1.0","0.0","0.0","1.0","1.0","0.0","0.0"
"783","1.0","1.0","1.0","0.0","1.0","0.0","1.0","0.0"
"784","0.0","1.0","0.0","0.0","1.0","0.0","1.0","1.0"
"785","1.0","0.0","0.0","0.0","1.0","0.0","0.0","0.0"
"786","0.0","1.0","0.0","1.0","1.0","0.0","1.0","0.0"
"787","1.0","0.0","1.0","0.0","0.0","1.0","0.0","1.0"
"788","1.0","0.0","1.0","0.0","0.0","1.0","1.0","1.0"
"789","0.0","0.0","1.0","1.0","1.0","1.0","0.0","0.0"
"790","1.0","1.0","1.0","1.0","1.0","0.0","1.0","0.0"
"791","0.0","0.0","1.0","1.0","0.0","0.0","1.0","1.0"
"792","1.0","0.0","1.0","0.0","0.0","1.0","0.0","1.0"
"793","1.0","1.0","0.0","0.0","1.0","1.0","0.0","0.0"
"794","1.0","0.0","0.0","1.0","0.0","0.0","0.0","0.0"
"795","1.0","1.0","0.0","0.0","1.0","1.0","0.0","0.0"
"796","1.0","0.0","1.0","0.0","0.0","1.0","0.0","1.0"
"797","1.0","1.0","0.0","0.0","0.0","0.0","1.0","1.0"
"798","0.0","1.0","1.0","0.0","0.0","1.0","0.0","1.0"
"799","1.0","0.0","1.0","0.0","0.0","1.0","0.0","1.0"
"800","1.0","0.0","1.0","0.0","1.0","0.0","1.0","0.0"
"801","0.0","1.0","0.0","1.0","1.0","0.0","1.0","0.0"
"802","0.0","0.0","1.0","1.0","0.0","0.0","1.0","1.0"
"803","1.0","0.0","1.0","0.0","1.0","0.0","1.0","1.0"
"804","1.0","1.0","0.0","0.0","1.0","1.0","0.0","0.0"
"805","0.0","0.0","1.0","1.0","0.0","1.0","0.0","0.0"
"806","0.0","0.0","0.0","1.0","0.0","1.0","0.0","1.0"
"807","0.0","0.0","1.0","1.0","1.0","1.0","0.0","0.0"
"808","0.0","1.0","1.0","1.0","0.0","1.0","0.0","1.0"
"809","0.0","1.0","0.0","0.0","1.0","0.0","1.0","0.0"
"810","1.0","0.0","1.0","0.0","1.0","1.0","1.0","1.0"
"811","0.0","0.0","1.0","1.0","1.0","1.0","0.0","0.0"
"812","1.0","1.0","0.0","0.0","0.0","0.0","1.0","1.0"
"813","1.0","0.0","1.0","0.0","0.0","1.0","0.0","1.0"
"814","0.0","0.0","1.0","1.0","0.0","0.0","0.0","1.0"
"815","0.0","0.0","1.0","1.0","1.0","1.0","0.0","0.0"
"816","0.0","1.0","0.0","1.0","1.0","0.0","1.0","0.0"
"817","0.0","1.0","1.0","1.0","1.0","0.0","1.0","1.0"
"818","0.0","1.0","1.0","0.0","1.0","0.0","1.0","0.0"
"819","0.0","0.0","1.0","1.0","1.0","1.0","0.0","0.0"
"820","0.0","1.0","1.0","1.0","1.0","0.0","1.0","0.0"
"821","0.0","0.0","1.0","1.0","0.0","0.0","1.0","1.0"
"822","0.0","1.0","0.0","1.0","1.0","1.0","1.0","1.0"
"823","1.0","0.0","1.0","0.0","1.0","1.0","1.0","0.0"
"824","0.0","1.0","0.0","1.0","0.0","1.0","0.0","1.0"
"825","0.0","0.0","1.0","1.0","1.0","1.0","0.0","0.0"
"826","0.0","1.0","0.0","1.0","1.0","0.0","0.0","0.0"
"827","1.0","1.0","1.0","0.0","1.0","1.0","1.0","1.0"
"828","0.0","0.0","1.0","1.0","1.0","1.0","0.0","1.0"
"829","1.0","1.0","0.0","0.0","1.0","1.0","0.0","0.0"
"830","1.0","0.0","0.0","1.0","0.0","1.0","0.0","1.0"
"831","1.0","0.0","0.0","0.0","0.0","1.0","0.0","1.0"
"832","1.0","0.0","1.0","1.0","1.0","0.0","1.0","0.0"
"833","1.0","1.0","0.0","0.0","1.0","1.0","0.0","0.0"
"834","1.0","0.0","1.0","0.0","0.0","1.0","0.0","1.0"
"835","1.0","0.0","1.0","0.0","0.0","1.0","0.0","1.0"
"836","0.0","0.0","1.0","1.0","0.0","0.0","1.0","1.0"
"837","0.0","1.0","0.0","1.0","0.0","1.0","0.0","1.0"
"838","0.0","0.0","0.0","0.0","0.0","1.0","0.0","1.0"
"839","0.0","0.0","0.0","0.0","1.0","0.0","1.0","0.0"
"840","1.0","1.0","1.0","0.0","0.0","1.0","0.0","1.0"
"841","1.0","0.0","1.0","0.0","0.0","1.0","0.0","1.0"
"842","0.0","1.0","0.0","1.0","1.0","0.0","1.0","0.0"
"843","1.0","0.0","1.0","0.0","0.0","1.0","0.0","1.0"
"844","0.0","1.0","0.0","1.0","1.0","0.0","1.0","0.0"
"845","0.0","1.0","0.0","0.0","0.0","1.0","0.0","1.0"
"846","0.0","0.0","1.0","1.0","1.0","1.0","0.0","0.0"
"847","1.0","0.0","1.0","0.0","0.0","1.0","0.0","1.0"
"848","0.0","0.0","1.0","1.0","1.0","1.0","1.0","1.0"
"849","1.0","1.0","0.0","0.0","0.0","0.0","1.0","1.0"
"850","0.0","1.0","0.0","1.0","1.0","0.0","1.0","0.0"
"851","0.0","0.0","0.0","1.0","1.0","1.0","1.0","0.0"
"852","0.0","1.0","1.0","0.0","1.0","0.0","1.0","0.0"
"853","1.0","1.0","0.0","0.0","1.0","1.0","0.0","0.0"
"854","1.0","1.0","1.0","1.0","0.0","0.0","1.0","1.0"
"855","0.0","0.0","1.0","1.0","1.0","1.0","0.0","0.0"
"856","0.0","1.0","1.0","1.0","0.0","1.0","0.0","1.0"
"857","1.0","0.0","0.0","1.0","1.0","0.0","1.0","0.0"
"858","0.0","0.0","0.0","1.0","0.0","0.0","1.0","1.0"
"859","1.0","0.0","1.0","0.0","1.0","0.0","1.0","0.0"
"860","1.0","1.0","0.0","0.0","1.0","1.0","0.0","0.0"
"861","1.0","0.0","1.0","0.0","0.0","1.0","0.0","1.0"
"862","1.0","1.0","0.0","0.0","1.0","0.0","0.0","0.0"
"863","0.0","0.0","1.0","1.0","0.0","0.0","1.0","1.0"
"864","0.0","0.0","1.0","1.0","1.0","1.0","0.0","0.0"
"865","1.0","0.0","1.0","0.0","1.0","0.0","0.0","0.0"
"866","0.0","1.0","0.0","1.0","1.0","1.0","0.0","0.0"
"867","1.0","1.0","0.0","0.0","1.0","1.0","0.0","0.0"
"868","0.0","1.0","0.0","1.0","1.0","0.0","1.0","0.0"
"869","0.0","0.0","1.0","1.0","0.0","0.0","0.0","1.0"
"870","0.0","1.0","1.0","1.0","0.0","0.0","1.0","1.0"
"871","1.0","0.0","1.0","0.0","0.0","1.0","0.0","1.0"
"872","1.0","1.0","0.0","0.0","1.0","1.0","0.0","0.0"
"873","1.0","1.0","0.0","0.0","1.0","1.0","0.0","0.0"
"874","0.0","1.0","0.0","1.0","1.0","0.0","1.0","0.0"
"875","1.0","0.0","1.0","0.0","1.0","0.0","1.0","0.0"
"876","1.0","1.0","0.0","0.0","0.0","0.0","1.0","1.0"
"877","1.0","1.0","0.0","1.0","1.0","0.0","1.0","0.0"
"878","1.0","0.0","1.0","0.0","1.0","0.0","1.0","0.0"
"879","1.0","0.0","1.0","0.0","0.0","1.0","0.0","1.0"
"880","1.0","0.0","1.0","0.0","0.0","1.0","0.0","1.0"
"881","1.0","0.0","1.0","0.0","0.0","0.0","0.0","1.0"
"882","0.0","0.0","1.0","1.0","0.0","0.0","1.0","1.0"
"883","0.0","1.0","0.0","1.0","1.0","1.0","1.0","0.0"
"884","1.0","0.0","1.0","0.0","0.0","1.0","1.0","0.0"
"885","0.0","0.0","1.0","1.0","1.0","1.0","0.0","0.0"
"886","0.0","0.0","1.0","1.0","0.0","0.0","1.0","1.0"
"887","0.0","0.0","1.0","1.0","0.0","0.0","1.0","1.0"
"888","0.0","1.0","0.0","1.0","1.0","0.0","1.0","0.0"
"889","0.0","1.0","1.0","1.0","1.0","0.0","1.0","0.0"
"890","0.0","1.0","0.0","1.0","0.0","1.0","0.0","1.0"
"891","0.0","1.0","1.0","0.0","1.0","0.0","1.0","0.0"
"892","1.0","0.0","1.0","0.0","0.0","1.0","0.0","1.0"
"893","0.0","1.0","1.0","0.0","1.0","1.0","1.0","0.0"
"894","1.0","1.0","0.0","0.0","1.0","0.0","1.0","0.0"
"895","0.0","1.0","0.0","1.0","0.0","1.0","0.0","1.0"
"896","1.0","1.0","0.0","0.0","1.0","1.0","0.0","0.0"
"897","1.0","0.0","1.0","0.0","0.0","1.0","0.0","1.0"
"898","0.0","0.0","0.0","1.0","0.0","0.0","1.0","1.0"
"899","1.0","1.0","1.0","1.0","0.0","0.0","1.0","1.0"
"900","1.0","1.0","1.0","1.0","1.0","1.0","0.0","0.0"
"901","1.0","1.0","0.0","1.0","1.0","0.0","1.0","0.0"
"902","0.0","0.0","0.0","0.0","0.0","1.0","0.0","1.0"
"903","1.0","1.0","0.0","0.0","1.0","1.0","0.0","0.0"
"904","1.0","1.0","0.0","0.0","1.0","1.0","0.0","0.0"
"905","0.0","1.0","1.0","0.0","1.0","0.0","1.0","0.0"
"906","1.0","1.0","0.0","0.0","0.0","0.0","1.0","1.0"
"907","0.0","1.0","0.0","1.0","0.0","0.0","0.0","0.0"
"908","1.0","0.0","1.0","0.0","1.0","1.0","1.0","0.0"
"909","0.0","1.0","0.0","1.0","1.0","0.0","1.0","1.0"
"910","1.0","1.0","0.0","0.0","0.0","0.0","1.0","1.0"
"911","1.0","0.0","1.0","0.0","0.0","1.0","0.0","1.0"
"912","1.0","0.0","0.0","0.0","0.0","0.0","1.0","1.0"
"913","0.0","0.0","1.0","1.0","1.0","1.0","0.0","0.0"
"914","1.0","0.0","1.0","1.0","0.0","1.0","0.0","1.0"
"915","1.0","1.0","0.0","0.0","0.0","0.0","1.0","1.0"
"916","0.0","0.0","1.0","1.0","0.0","0.0","1.0","1.0"
"917","1.0","1.0","0.0","0.0","0.0","0.0","0.0","0.0"
"918","1.0","0.0","1.0","0.0","0.0","1.0","0.0","1.0"
"919","0.0","0.0","1.0","1.0","0.0","0.0","1.0","1.0"
"920","0.0","1.0","0.0","1.0","0.0","1.0","0.0","1.0"
"921","0.0","0.0","0.0","1.0","1.0","1.0","0.0","0.0"
"922","0.0","1.0","0.0","1.0","0.0","1.0","0.0","1.0"
"923","0.0","0.0","0.0","1.0","1.0","1.0","0.0","0.0"
"924","0.0","1.0","0.0","1.0","1.0","1.0","0.0","0.0"
"925","1.0","0.0","1.0","0.0","1.0","0.0","1.0","0.0"
"926","0.0","1.0","0.0","1.0","1.0","0.0","1.0","1.0"
"927","0.0","1.0","0.0","1.0","0.0","1.0","0.0","1.0"
"928","1.0","0.0","0.0","0.0","1.0","0.0","1.0","0.0"
"929","1.0","1.0","0.0","0.0","1.0","0.0","0.0","0.0"
"930","1.0","1.0","0.0","0.0","1.0","1.0","1.0","0.0"
"931","1.0","1.0","0.0","0.0","0.0","0.0","1.0","1.0"
"932","0.0","0.0","0.0","1.0","1.0","1.0","0.0","0.0"
"933","1.0","0.0","1.0","0.0","0.0","1.0","1.0","1.0"
"934","0.0","0.0","1.0","1.0","1.0","1.0","0.0","0.0"
"935","0.0","0.0","1.0","1.0","0.0","0.0","1.0","1.0"
"936","0.0","1.0","0.0","1.0","0.0","1.0","0.0","1.0"
"937","0.0","1.0","0.0","1.0","0.0","1.0","0.0","1.0"
"938","0.0","1.0","1.0","0.0","1.0","0.0","1.0","0.0"
"939","1.0","0.0","1.0","0.0","0.0","0.0","1.0","0.0"
"940","1.0","0.0","1.0","0.0","0.0","1.0","0.0","1.0"
"941","1.0","1.0","0.0","0.0","1.0","1.0","0.0","0.0"
"942","1.0","1.0","0.0","0.0","1.0","1.0","0.0","0.0"
"943","1.0","0.0","1.0","0.0","1.0","0.0","1.0","0.0"
"944","1.0","0.0","1.0","0.0","1.0","0.0","0.0","0.0"
"945","1.0","1.0","0.0","0.0","1.0","1.0","0.0","1.0"
"946","0.0","0.0","0.0","0.0","1.0","0.0","1.0","0.0"
"947","0.0","1.0","1.0","1.0","0.0","0.0","1.0","1.0"
"948","1.0","1.0","0.0","0.0","0.0","0.0","1.0","0.0"
"949","1.0","0.0","1.0","0.0","1.0","0.0","1.0","0.0"
"950","1.0","0.0","1.0","0.0","0.0","1.0","0.0","1.0"
"951","0.0","1.0","0.0","1.0","1.0","0.0","1.0","0.0"
"952","1.0","0.0","1.0","0.0","0.0","1.0","0.0","1.0"
"953","1.0","1.0","0.0","0.0","0.0","0.0","1.0","1.0"
"954","0.0","1.0","0.0","1.0","0.0","0.0","0.0","0.0"
"955","1.0","0.0","1.0","0.0","1.0","0.0","1.0","0.0"
"956","0.0","0.0","1.0","1.0","1.0","1.0","0.0","0.0"
"957","0.0","0.0","0.0","1.0","0.0","0.0","1.0","1.0"
"958","0.0","1.0","0.0","1.0","0.0","1.0","0.0","1.0"
"959","0.0","0.0","1.0","1.0","0.0","0.0","1.0","1.0"
"960","1.0","1.0","0.0","0.0","0.0","0.0","1.0","1.0"
"961","0.0","0.0","1.0","1.0","0.0","0.0","0.0","1.0"
"962","1.0","1.0","1.0","0.0","1.0","0.0","1.0","0.0"
"963","0.0","0.0","1.0","1.0","0.0","0.0","1.0","1.0"
"964","1.0","0.0","1.0","0.0","1.0","0.0","1.0","0.0"
"965","0.0","0.0","0.0","0.0","0.0","1.0","0.0","1.0"
"966","0.0","0.0","1.0","1.0","0.0","0.0","1.0","1.0"
"967","1.0","0.0","1.0","0.0","1.0","0.0","1.0","0.0"
"968","1.0","0.0","1.0","0.0","0.0","1.0","0.0","1.0"
"969","1.0","1.0","0.0","1.0","0.0","0.0","0.0","1.0"
"970","1.0","1.0","0.0","0.0","0.0","0.0","0.0","1.0"
"971","1.0","1.0","0.0","0.0","0.0","0.0","1.0","0.0"
"972","1.0","1.0","0.0","0.0","1.0","1.0","0.0","0.0"
"973","1.0","0.0","0.0","1.0","1.0","0.0","1.0","0.0"
"974","1.0","0.0","1.0","0.0","1.0","0.0","1.0","0.0"
"975","0.0","0.0","1.0","1.0","1.0","1.0","0.0","0.0"
"976","1.0","1.0","0.0","0.0","0.0","0.0","1.0","0.0"
"977","1.0","0.0","1.0","0.0","1.0","0.0","1.0","0.0"
"978","0.0","1.0","0.0","1.0","0.0","0.0","0.0","0.0"
"979","1.0","1.0","0.0","0.0","0.0","0.0","1.0","1.0"
"980","1.0","0.0","1.0","0.0","1.0","0.0","1.0","0.0"
"981","0.0","0.0","1.0","1.0","0.0","0.0","0.0","1.0"
"982","0.0","0.0","0.0","0.0","1.0","0.0","1.0","0.0"
"983","0.0","1.0","0.0","1.0","0.0","1.0","0.0","1.0"
"984","0.0","0.0","1.0","1.0","0.0","0.0","1.0","1.0"
"985","1.0","0.0","0.0","1.0","1.0","0.0","1.0","0.0"
"986","1.0","1.0","0.0","1.0","1.0","0.0","1.0","1.0"
"987","0.0","0.0","1.0","1.0","1.0","1.0","0.0","0.0"
"988","0.0","0.0","1.0","1.0","1.0","0.0","0.0","0.0"
"989","0.0","1.0","1.0","0.0","0.0","1.0","0.0","1.0"
"990","1.0","1.0","0.0","0.0","0.0","0.0","1.0","1.0"
"991","1.0","0.0","1.0","0.0","1.0","0.0","1.0","0.0"
"992","1.0","0.0","1.0","0.0","1.0","0.0","1.0","1.0"
"993","0.0","0.0","0.0","1.0","1.0","0.0","0.0","0.0"
"994","0.0","0.0","1.0","1.0","1.0","1.0","0.0","0.0"
"995","1.0","0.0","1.0","0.0","0.0","1.0","0.0","1.0"
"996","0.0","0.0","1.0","1.0","1.0","1.0","0.0","0.0"
"997","0.0","0.0","1.0","1.0","1.0","1.0","0.0","0.0"
"998","0.0","1.0","0.0","0.0","0.0","0.0","1.0","1.0"
"999","1.0","1.0","0.0","0.0","1.0","1.0","0.0","0.0"
